2023-01-01T00:00:45.708Z,10.70.73.26,10.80.121.143,346,UDP

2023-01-01T00:02:13.069Z,10.42.20.106,10.143.95.241,1178,TCP

2023-01-01T00:02:26.612Z,10.134.200.43,10.106.193.29,41,TCP

2023-01-01T00:03:44.145Z,10.91.160.94,10.116.75.236,1431,UDP

2023-01-01T00:04:48.837Z,10.37.238.168,10.116.75.236,785,UDP

2023-01-01T00:05:21.404Z,10.87.30.242,10.106.193.29,823,UDP

2023-01-01T00:06:30.358Z,10.55.119.185,10.87.115.76,236,TCP

2023-01-01T00:08:02.185Z,10.17.115.186,10.20.53.129,577,UDP

2023-01-01T00:08:57.454Z,10.153.84.200,10.87.115.76,777,TCP

2023-01-01T00:10:00.426Z,10.225.143.120,10.170.253.166,592,TCP

2023-01-01T00:10:49.759Z,10.94.18.147,10.87.115.76,787,UDP

2023-01-01T00:12:23.060Z,10.206.7.112,10.239.212.158,62,UDP

2023-01-01T00:13:16.749Z,10.64.20.65,10.129.236.79,944,UDP

2023-01-01T00:14:42.667Z,10.100.5.171,10.116.75.236,324,UDP

2023-01-01T00:15:39.374Z,10.6.65.237,10.80.121.143,259,UDP

2023-01-01T00:16:41.058Z,10.226.209.176,10.87.115.76,144,UDP

2023-01-01T00:17:35.676Z,10.123.0.131,10.26.225.61,798,UDP

2023-01-01T00:18:40.373Z,10.140.20.72,10.106.193.29,451,TCP

2023-01-01T00:18:55.409Z,10.94.18.147,10.106.193.29,190,TCP

2023-01-01T00:19:32.599Z,10.42.20.106,10.116.75.236,887,UDP

2023-01-01T00:19:40.074Z,10.163.126.176,10.87.115.76,238,TCP

2023-01-01T00:21:08.782Z,10.57.216.34,10.106.193.29,301,UDP

2023-01-01T00:21:17.444Z,10.170.40.251,10.176.179.79,919,TCP

2023-01-01T00:21:25.090Z,10.80.55.9,10.144.14.129,730,UDP

2023-01-01T00:22:18.912Z,10.63.26.196,10.129.236.79,393,TCP

2023-01-01T00:23:24.189Z,10.170.255.201,10.186.85.34,1321,UDP

2023-01-01T00:23:57.432Z,10.52.38.215,10.186.85.34,340,UDP

2023-01-01T00:25:16.021Z,10.213.145.2,10.106.193.29,1280,TCP

2023-01-01T00:26:45.584Z,10.227.47.209,10.20.53.129,1296,UDP

2023-01-01T00:27:17.069Z,10.96.193.98,10.170.253.166,276,UDP

2023-01-01T00:28:43.999Z,10.7.114.147,10.20.53.129,1390,UDP

2023-01-01T00:29:38.001Z,10.22.90.241,10.87.115.76,83,TCP

2023-01-01T00:29:42.074Z,10.255.114.1,10.186.85.34,1245,UDP

2023-01-01T00:29:51.315Z,10.6.65.237,10.26.225.61,452,TCP

2023-01-01T00:30:09.661Z,10.174.83.147,10.144.14.129,195,TCP

2023-01-01T00:31:15.956Z,10.99.206.181,10.156.37.143,1223,UDP

2023-01-01T00:31:42.717Z,10.245.236.167,10.144.14.129,1411,TCP

2023-01-01T00:32:17.232Z,10.214.69.185,10.170.253.166,1435,TCP

2023-01-01T00:33:33.869Z,10.149.206.171,10.186.85.34,869,TCP

2023-01-01T00:34:57.132Z,10.238.164.21,10.144.14.129,1229,TCP

2023-01-01T00:36:27.076Z,10.175.121.78,10.176.179.79,1394,UDP

2023-01-01T00:36:54.757Z,10.255.117.218,10.116.75.236,131,TCP

2023-01-01T00:37:55.998Z,10.224.169.190,10.106.193.29,59,TCP

2023-01-01T00:39:24.714Z,10.80.71.34,10.87.115.76,499,TCP

2023-01-01T00:40:26.879Z,10.118.244.206,10.239.212.158,447,UDP

2023-01-01T00:41:08.985Z,10.17.115.186,10.144.14.129,966,UDP

2023-01-01T00:42:28.914Z,10.100.204.145,10.87.115.76,602,UDP

2023-01-01T00:42:45.519Z,10.45.249.238,10.176.179.79,414,TCP

2023-01-01T00:44:15.349Z,10.11.129.235,10.80.121.143,1189,TCP

2023-01-01T00:44:56.023Z,10.7.114.147,10.186.85.34,862,UDP

2023-01-01T00:46:26.803Z,10.97.228.61,10.176.179.79,56,UDP

2023-01-01T00:47:01.002Z,10.52.38.215,10.186.85.34,827,TCP

2023-01-01T00:48:09.818Z,10.16.230.135,10.106.193.29,1401,TCP

2023-01-01T00:48:44.178Z,10.90.78.254,10.20.53.129,1354,TCP

2023-01-01T00:49:11.429Z,10.32.204.191,10.170.253.166,1305,TCP

2023-01-01T00:50:31.539Z,10.237.226.106,10.80.121.143,402,UDP

2023-01-01T00:50:50.097Z,10.10.111.85,10.106.193.29,974,UDP

2023-01-01T00:51:58.820Z,10.123.156.76,10.143.95.241,1083,UDP

2023-01-01T00:53:27.324Z,10.175.177.237,10.176.179.79,1150,UDP

2023-01-01T00:53:50.986Z,10.169.248.249,10.170.253.166,273,TCP

2023-01-01T00:54:22.532Z,10.234.185.117,10.87.115.76,1462,TCP

2023-01-01T00:54:36.147Z,10.211.95.59,10.143.95.241,837,TCP

2023-01-01T00:56:13.053Z,10.210.27.108,10.20.53.129,40,TCP

2023-01-01T00:56:13.417Z,10.164.115.234,10.20.53.129,545,UDP

2023-01-01T00:56:52.911Z,10.178.9.96,10.20.53.129,1054,UDP

2023-01-01T00:57:41.697Z,10.66.44.28,10.239.212.158,1399,UDP

2023-01-01T00:58:39.877Z,10.220.23.227,10.186.85.34,845,UDP

2023-01-01T00:59:51.064Z,10.23.180.34,10.129.236.79,243,TCP

2023-01-01T01:00:03.319Z,10.12.15.41,10.239.212.158,372,UDP

2023-01-01T01:01:40.884Z,10.137.226.60,10.20.53.129,982,UDP

2023-01-01T01:02:08.177Z,10.140.20.72,10.144.14.129,251,TCP

2023-01-01T01:02:43.778Z,10.22.90.241,10.143.95.241,1159,UDP

2023-01-01T01:04:14.812Z,10.79.55.111,10.80.121.143,108,TCP

2023-01-01T01:04:48.951Z,10.206.9.24,10.116.75.236,116,TCP

2023-01-01T01:06:14.515Z,10.205.151.63,10.129.236.79,1463,TCP

2023-01-01T01:06:48.538Z,10.99.192.199,10.20.53.129,546,TCP

2023-01-01T01:07:58.708Z,10.128.129.242,10.176.179.79,434,TCP

2023-01-01T01:08:56.418Z,10.140.194.130,10.80.121.143,446,TCP

2023-01-01T01:10:18.383Z,10.247.40.238,10.57.45.97,298,TCP

2023-01-01T01:10:50.651Z,10.40.214.38,10.239.212.158,159,UDP

2023-01-01T01:11:49.946Z,10.52.38.215,10.87.115.76,950,UDP

2023-01-01T01:13:26.698Z,10.249.57.247,10.80.121.143,811,UDP

2023-01-01T01:14:05.884Z,10.63.186.200,10.116.75.236,532,UDP

2023-01-01T01:14:50.522Z,10.18.4.214,10.80.121.143,875,UDP

2023-01-01T01:15:03.447Z,10.183.75.130,10.106.193.29,1212,TCP

2023-01-01T01:16:18.457Z,10.73.233.216,10.129.236.79,1428,UDP

2023-01-01T01:17:33.476Z,10.86.222.59,10.20.53.129,1447,TCP

2023-01-01T01:17:43.235Z,10.142.164.205,10.20.53.129,833,TCP

2023-01-01T01:18:52.934Z,10.210.238.51,10.80.121.143,931,UDP

2023-01-01T01:19:39.071Z,10.94.18.147,10.170.253.166,803,UDP

2023-01-01T01:20:43.930Z,10.216.207.190,10.176.179.79,65,TCP

2023-01-01T01:21:14.998Z,10.237.95.96,10.170.253.166,573,UDP

2023-01-01T01:21:49.345Z,10.207.191.139,10.87.115.76,390,UDP

2023-01-01T01:22:57.046Z,10.187.147.219,10.143.95.241,1471,TCP

2023-01-01T01:23:16.126Z,10.224.169.190,10.129.236.79,1307,TCP

2023-01-01T01:23:23.935Z,10.188.169.12,10.80.121.143,540,UDP

2023-01-01T01:24:49.883Z,10.39.180.135,10.20.53.129,837,UDP

2023-01-01T01:25:14.043Z,10.73.233.216,10.80.121.143,314,TCP

2023-01-01T01:26:39.815Z,10.66.44.28,10.156.37.143,1427,UDP

2023-01-01T01:27:17.442Z,10.213.145.2,10.80.121.143,1085,UDP

2023-01-01T01:28:34.267Z,10.7.111.152,10.80.121.143,1320,UDP

2023-01-01T01:29:52.368Z,10.220.23.227,10.129.236.79,756,TCP

2023-01-01T01:30:25.036Z,10.64.20.65,10.106.193.29,1460,TCP

2023-01-01T01:31:53.478Z,10.122.186.20,10.20.53.129,342,UDP

2023-01-01T01:33:20.472Z,10.98.200.224,10.116.75.236,195,UDP

2023-01-01T01:34:09.569Z,10.141.13.190,10.116.75.236,1409,TCP

2023-01-01T01:35:43.906Z,10.15.234.89,10.106.193.29,186,TCP

2023-01-01T01:36:40.832Z,10.182.12.148,10.20.53.129,852,UDP

2023-01-01T01:37:57.135Z,10.11.202.46,10.144.14.129,967,TCP

2023-01-01T01:38:00.048Z,10.17.115.186,10.170.253.166,100,TCP

2023-01-01T01:39:08.399Z,10.105.68.196,10.176.179.79,884,UDP

2023-01-01T01:40:44.958Z,10.17.36.13,10.106.193.29,1054,TCP

2023-01-01T01:41:13.160Z,10.66.44.28,10.170.253.166,675,UDP

2023-01-01T01:42:41.786Z,10.182.199.46,10.186.85.34,577,UDP

2023-01-01T01:42:56.266Z,10.153.3.205,10.106.193.29,1396,TCP

2023-01-01T01:43:10.670Z,10.204.124.169,10.129.236.79,1225,UDP

2023-01-01T01:43:18.613Z,10.130.42.123,10.87.115.76,16,TCP

2023-01-01T01:44:26.449Z,10.82.83.25,10.106.193.29,486,TCP

2023-01-01T01:45:09.127Z,10.170.215.121,10.186.85.34,759,TCP

2023-01-01T01:45:35.477Z,10.1.56.14,10.20.53.129,800,TCP

2023-01-01T01:45:43.120Z,10.73.123.106,10.129.236.79,385,UDP

2023-01-01T01:45:44.049Z,10.153.84.200,10.80.121.143,1361,TCP

2023-01-01T01:46:58.247Z,10.53.34.202,10.129.236.79,1360,TCP

2023-01-01T01:48:22.337Z,10.193.166.190,10.156.37.143,535,UDP

2023-01-01T01:49:17.330Z,10.148.251.11,10.176.179.79,1340,TCP

2023-01-01T01:49:40.433Z,10.90.78.254,10.144.14.129,140,UDP

2023-01-01T01:49:58.219Z,10.35.253.141,10.176.179.79,541,UDP

2023-01-01T01:50:47.534Z,10.192.23.120,10.80.121.143,379,TCP

2023-01-01T01:51:21.126Z,10.86.112.115,10.144.14.129,143,UDP

2023-01-01T01:51:45.489Z,10.237.77.142,10.176.179.79,826,TCP

2023-01-01T01:51:53.064Z,10.57.109.229,10.176.179.79,1242,UDP

2023-01-01T01:51:55.914Z,10.233.103.192,10.239.212.158,918,UDP

2023-01-01T01:53:09.896Z,10.94.221.190,10.20.53.129,561,TCP

2023-01-01T01:53:30.990Z,10.235.47.100,10.80.121.143,180,UDP

2023-01-01T01:54:37.152Z,10.202.17.51,10.80.121.143,937,UDP

2023-01-01T01:54:50.583Z,10.96.193.98,10.143.95.241,827,TCP

2023-01-01T01:55:12.134Z,10.237.95.96,10.176.179.79,1225,UDP

2023-01-01T01:56:06.066Z,10.57.109.229,10.80.121.143,361,UDP

2023-01-01T01:56:41.124Z,10.144.115.178,10.239.212.158,122,TCP

2023-01-01T01:57:12.554Z,10.45.79.220,10.116.75.236,735,UDP

2023-01-01T01:58:40.253Z,10.111.7.113,10.129.236.79,981,TCP

2023-01-01T01:59:14.884Z,10.223.135.83,10.213.223.235,427,TCP

2023-01-01T02:00:42.854Z,10.177.204.175,10.144.14.129,936,UDP

2023-01-01T02:01:50.240Z,10.68.25.99,10.20.53.129,121,TCP

2023-01-01T02:03:16.836Z,10.37.207.42,10.129.236.79,1227,TCP

2023-01-01T02:04:16.876Z,10.173.41.25,10.87.115.76,685,UDP

2023-01-01T02:04:58.861Z,10.215.34.11,10.186.85.34,1368,UDP

2023-01-01T02:05:06.911Z,10.7.111.152,10.116.75.236,242,UDP

2023-01-01T02:06:32.906Z,10.163.193.16,10.116.75.236,497,UDP

2023-01-01T02:07:55.395Z,10.54.243.206,10.116.75.236,344,TCP

2023-01-01T02:08:31.157Z,10.41.143.137,10.186.85.34,944,TCP

2023-01-01T02:08:50.983Z,10.234.185.117,10.57.45.97,59,TCP

2023-01-01T02:08:50.994Z,10.63.26.196,10.129.236.79,1372,UDP

2023-01-01T02:10:20.815Z,10.254.106.168,10.186.85.34,192,UDP

2023-01-01T02:11:16.606Z,10.137.226.60,10.80.121.143,185,UDP

2023-01-01T02:12:40.977Z,10.242.220.68,10.186.85.34,1080,TCP

2023-01-01T02:13:17.848Z,10.155.95.138,10.26.225.61,1112,UDP

2023-01-01T02:14:48.359Z,10.170.40.251,10.156.37.143,556,TCP

2023-01-01T02:15:38.081Z,10.53.80.203,10.57.45.97,1090,TCP

2023-01-01T02:17:12.077Z,10.152.60.236,10.186.85.34,92,TCP

2023-01-01T02:18:23.471Z,10.235.130.4,10.116.75.236,338,TCP

2023-01-01T02:18:31.362Z,10.233.103.192,10.116.75.236,1278,TCP

2023-01-01T02:20:00.351Z,10.17.15.194,10.80.121.143,493,UDP

2023-01-01T02:21:35.752Z,10.233.210.3,10.116.75.236,1120,TCP

2023-01-01T02:23:10.183Z,10.212.249.49,10.170.253.166,600,UDP

2023-01-01T02:24:30.939Z,10.7.111.152,10.87.115.76,1011,TCP

2023-01-01T02:25:24.109Z,10.100.41.252,10.20.53.129,1231,TCP

2023-01-01T02:26:35.008Z,10.50.160.4,10.116.75.236,1025,TCP

2023-01-01T02:27:50.570Z,10.7.111.152,10.106.193.29,63,UDP

2023-01-01T02:28:32.841Z,10.207.191.139,10.106.193.29,924,UDP

2023-01-01T02:29:30.797Z,10.116.75.193,10.20.53.129,911,TCP

2023-01-01T02:30:13.317Z,10.141.13.190,10.20.53.129,53,TCP

2023-01-01T02:31:52.480Z,10.149.206.171,10.239.212.158,199,UDP

2023-01-01T02:31:55.810Z,10.210.133.1,10.20.53.129,263,TCP

2023-01-01T02:32:33.161Z,10.90.78.254,10.170.253.166,71,TCP

2023-01-01T02:32:47.268Z,10.161.28.95,10.80.121.143,1435,TCP

2023-01-01T02:34:02.781Z,10.155.247.28,10.116.75.236,1037,UDP

2023-01-01T02:34:23.636Z,10.54.202.93,10.143.95.241,899,UDP

2023-01-01T02:34:56.429Z,10.81.122.111,10.176.179.79,1035,TCP

2023-01-01T02:35:37.910Z,10.255.114.1,10.116.75.236,1385,UDP

2023-01-01T02:37:09.516Z,10.223.245.40,10.143.95.241,75,TCP

2023-01-01T02:38:16.347Z,10.188.169.12,10.57.45.97,1245,UDP

2023-01-01T02:38:18.922Z,10.87.30.242,10.129.236.79,355,UDP

2023-01-01T02:38:50.651Z,10.233.103.192,10.106.193.29,1324,TCP

2023-01-01T02:40:00.138Z,10.35.253.141,10.144.14.129,883,UDP

2023-01-01T02:40:47.352Z,10.38.81.199,10.106.193.29,462,TCP

2023-01-01T02:41:42.917Z,10.15.144.222,10.239.212.158,1451,TCP

2023-01-01T02:42:15.919Z,10.129.216.217,10.186.85.34,1394,UDP

2023-01-01T02:43:34.772Z,10.38.178.1,10.87.115.76,1478,UDP

2023-01-01T02:45:07.726Z,10.187.147.219,10.144.14.129,1045,TCP

2023-01-01T02:46:17.760Z,10.64.20.65,10.80.121.143,624,UDP

2023-01-01T02:47:35.747Z,10.10.139.197,10.20.53.129,1010,TCP

2023-01-01T02:47:54.726Z,10.167.210.7,10.143.95.241,387,TCP

2023-01-01T02:49:11.608Z,10.100.5.171,10.116.75.236,70,TCP

2023-01-01T02:49:34.457Z,10.245.236.167,10.106.193.29,1085,UDP

2023-01-01T02:50:29.563Z,10.211.95.59,10.87.115.76,1072,TCP

2023-01-01T02:51:01.792Z,10.3.233.105,10.239.212.158,285,TCP

2023-01-01T02:51:55.275Z,10.180.218.85,10.20.53.129,276,UDP

2023-01-01T02:53:20.946Z,10.84.204.105,10.20.53.129,667,TCP

2023-01-01T02:53:41.981Z,10.98.113.23,10.80.121.143,675,UDP

2023-01-01T02:55:07.904Z,10.26.251.181,10.116.75.236,379,UDP

2023-01-01T02:55:46.520Z,10.113.86.14,10.20.53.129,1179,UDP

2023-01-01T02:56:31.680Z,10.3.14.28,10.116.75.236,861,TCP

2023-01-01T02:56:52.045Z,10.247.40.238,10.239.212.158,382,UDP

2023-01-01T02:57:10.252Z,10.38.81.199,10.87.115.76,1009,UDP

2023-01-01T02:57:11.326Z,10.160.193.123,10.129.236.79,746,UDP

2023-01-01T02:58:25.483Z,10.32.218.208,10.176.179.79,1348,TCP

2023-01-01T02:59:56.233Z,10.17.115.186,10.239.212.158,222,TCP

2023-01-01T03:00:29.676Z,10.191.206.39,10.106.193.29,1451,UDP

2023-01-01T03:01:52.256Z,10.127.222.106,10.80.121.143,988,UDP

2023-01-01T03:02:40.148Z,10.143.137.51,10.116.75.236,1081,UDP

2023-01-01T03:02:48.852Z,10.166.183.201,10.87.115.76,939,TCP

2023-01-01T03:03:38.554Z,10.216.63.93,10.20.53.129,1191,TCP

2023-01-01T03:03:46.814Z,10.145.101.38,10.143.95.241,1260,UDP

2023-01-01T03:03:50.101Z,10.70.73.26,10.116.75.236,959,UDP

2023-01-01T03:04:56.417Z,10.78.117.144,10.129.236.79,689,TCP

2023-01-01T03:06:14.635Z,10.102.178.47,10.106.193.29,1360,TCP

2023-01-01T03:07:12.051Z,10.171.218.56,10.87.115.76,770,TCP

2023-01-01T03:08:04.710Z,10.235.47.100,10.156.37.143,225,TCP

2023-01-01T03:08:09.181Z,10.163.126.176,10.176.179.79,243,UDP

2023-01-01T03:08:19.548Z,10.76.35.137,10.129.236.79,572,TCP

2023-01-01T03:09:29.998Z,10.170.40.251,10.129.236.79,222,UDP

2023-01-01T03:10:59.370Z,10.133.71.161,10.170.253.166,174,UDP

2023-01-01T03:12:05.080Z,10.21.164.240,10.57.45.97,1364,TCP

2023-01-01T03:13:26.503Z,10.214.184.214,10.57.45.97,374,UDP

2023-01-01T03:14:42.039Z,10.154.168.119,10.186.85.34,73,UDP

2023-01-01T03:15:24.934Z,10.234.185.160,10.57.45.97,1400,UDP

2023-01-01T03:16:33.795Z,10.211.95.59,10.186.85.34,1482,TCP

2023-01-01T03:18:02.388Z,10.144.115.178,10.239.212.158,689,UDP

2023-01-01T03:19:02.626Z,10.81.122.111,10.80.121.143,724,UDP

2023-01-01T03:20:27.435Z,10.38.178.1,10.87.115.76,366,TCP

2023-01-01T03:21:51.167Z,10.96.193.98,10.106.193.29,439,TCP

2023-01-01T03:23:17.783Z,10.23.180.34,10.239.212.158,102,UDP

2023-01-01T03:23:24.869Z,10.60.55.99,10.116.75.236,794,TCP

2023-01-01T03:24:02.457Z,10.102.178.47,10.20.53.129,805,TCP

2023-01-01T03:24:35.941Z,10.193.166.190,10.116.75.236,702,UDP

2023-01-01T03:26:00.369Z,10.242.203.58,10.170.253.166,1098,UDP

2023-01-01T03:26:23.547Z,10.152.1.193,10.170.253.166,116,TCP

2023-01-01T03:27:16.868Z,10.81.122.111,10.116.75.236,293,TCP

2023-01-01T03:27:18.530Z,10.210.133.1,10.176.179.79,135,UDP

2023-01-01T03:28:10.921Z,10.217.66.63,10.186.85.34,517,UDP

2023-01-01T03:28:49.873Z,10.100.41.252,10.57.45.97,800,TCP

2023-01-01T03:29:43.027Z,10.134.200.43,10.26.225.61,595,UDP

2023-01-01T03:29:44.484Z,10.123.0.131,10.87.115.76,751,TCP

2023-01-01T03:30:04.039Z,10.195.212.202,10.239.212.158,1475,TCP

2023-01-01T03:31:24.302Z,10.79.55.111,10.170.253.166,802,TCP

2023-01-01T03:32:34.897Z,10.68.24.215,10.116.75.236,201,UDP

2023-01-01T03:33:22.325Z,10.211.95.59,10.143.95.241,115,TCP

2023-01-01T03:34:08.952Z,10.37.207.42,10.106.193.29,312,TCP

2023-01-01T03:35:46.095Z,10.103.4.239,10.20.53.129,845,UDP

2023-01-01T03:37:07.171Z,10.167.65.5,10.116.75.236,792,UDP

2023-01-01T03:38:15.802Z,10.84.131.255,10.176.179.79,54,TCP

2023-01-01T03:38:24.033Z,10.17.36.13,10.156.37.143,522,UDP

2023-01-01T03:39:28.390Z,10.75.208.23,10.156.37.143,263,TCP

2023-01-01T03:40:22.296Z,10.125.28.157,10.239.212.158,1300,TCP

2023-01-01T03:40:40.358Z,10.192.53.57,10.116.75.236,624,TCP

2023-01-01T03:40:42.885Z,10.73.123.106,10.144.14.129,861,TCP

2023-01-01T03:41:02.915Z,10.123.79.40,10.87.115.76,780,TCP

2023-01-01T03:42:08.864Z,10.81.122.111,10.239.212.158,875,TCP

2023-01-01T03:42:51.593Z,10.84.204.105,10.80.121.143,245,TCP

2023-01-01T03:43:30.994Z,10.153.84.200,10.106.193.29,449,UDP

2023-01-01T03:44:12.681Z,10.17.15.194,10.106.193.29,96,UDP

2023-01-01T03:45:26.505Z,10.192.73.27,10.156.37.143,350,UDP

2023-01-01T03:45:45.755Z,10.85.189.232,10.116.75.236,1115,TCP

2023-01-01T03:47:00.863Z,10.11.129.235,10.143.95.241,1134,TCP

2023-01-01T03:48:18.042Z,10.140.194.130,10.156.37.143,1495,TCP

2023-01-01T03:49:58.036Z,10.53.4.114,10.156.37.143,688,UDP

2023-01-01T03:50:12.836Z,10.199.244.6,10.129.236.79,412,UDP

2023-01-01T03:50:18.888Z,10.22.97.62,10.186.85.34,822,UDP

2023-01-01T03:50:28.116Z,10.203.178.169,10.116.75.236,1305,TCP

2023-01-01T03:51:22.659Z,10.26.154.141,10.143.95.241,1182,UDP

2023-01-01T03:52:16.304Z,10.237.95.96,10.186.85.34,709,UDP

2023-01-01T03:52:50.243Z,10.100.79.180,10.116.75.236,797,TCP

2023-01-01T03:53:48.124Z,10.154.19.137,10.80.121.143,1468,UDP

2023-01-01T03:55:21.609Z,10.82.83.25,10.144.14.129,1327,TCP

2023-01-01T03:55:59.622Z,10.109.236.73,10.176.179.79,13,UDP

2023-01-01T03:57:38.197Z,10.69.124.170,10.170.253.166,1241,UDP

2023-01-01T03:59:12.239Z,10.171.218.56,10.144.14.129,266,TCP

2023-01-01T03:59:26.242Z,10.99.22.149,10.129.236.79,1256,TCP

2023-01-01T03:59:37.349Z,10.205.151.63,10.20.53.129,566,TCP

2023-01-01T04:00:16.540Z,10.153.3.205,10.87.115.76,501,TCP

2023-01-01T04:01:14.868Z,10.183.35.30,10.106.193.29,371,UDP

2023-01-01T04:01:41.362Z,10.26.251.181,10.116.75.236,1272,TCP

2023-01-01T04:02:01.562Z,10.142.164.205,10.156.37.143,335,UDP

2023-01-01T04:02:32.471Z,10.192.7.74,10.144.14.129,908,UDP

2023-01-01T04:02:51.438Z,10.141.101.147,10.170.253.166,253,UDP

2023-01-01T04:04:18.395Z,10.87.130.171,10.144.14.129,357,UDP

2023-01-01T04:04:26.105Z,10.109.236.73,10.186.85.34,909,UDP

2023-01-01T04:05:43.305Z,10.6.80.23,10.20.53.129,1497,UDP

2023-01-01T04:05:50.647Z,10.233.210.3,10.20.53.129,536,UDP

2023-01-01T04:06:24.146Z,10.174.136.231,10.80.121.143,642,UDP

2023-01-01T04:06:32.007Z,10.140.62.168,10.186.85.34,1010,TCP

2023-01-01T04:08:07.562Z,10.152.1.193,10.186.85.34,682,TCP

2023-01-01T04:09:05.503Z,10.169.248.249,10.143.95.241,822,TCP

2023-01-01T04:09:08.116Z,10.235.130.4,10.156.37.143,1485,TCP

2023-01-01T04:10:13.032Z,10.182.199.46,10.156.37.143,1147,TCP

2023-01-01T04:11:37.535Z,10.128.129.242,10.144.14.129,703,TCP

2023-01-01T04:11:51.635Z,10.162.229.220,10.80.121.143,1028,UDP

2023-01-01T04:11:58.060Z,10.53.4.114,10.170.253.166,1464,TCP

2023-01-01T04:13:10.724Z,10.88.244.190,10.80.121.143,893,TCP

2023-01-01T04:14:22.686Z,10.11.202.46,10.239.212.158,967,UDP

2023-01-01T04:15:17.286Z,10.183.75.130,10.20.53.129,1309,UDP

2023-01-01T04:15:38.271Z,10.92.211.205,10.80.121.143,85,UDP

2023-01-01T04:17:15.236Z,10.70.87.41,10.80.121.143,415,UDP

2023-01-01T04:18:31.824Z,10.0.157.37,10.129.236.79,703,TCP

2023-01-01T04:18:47.201Z,10.98.130.153,10.14.153.194,1235,UDP

2023-01-01T04:20:06.933Z,10.212.249.49,10.20.53.129,1263,UDP

2023-01-01T04:20:57.041Z,10.76.202.174,10.156.37.143,384,TCP

2023-01-01T04:21:53.316Z,10.164.115.234,10.57.45.97,887,TCP

2023-01-01T04:22:55.996Z,10.71.35.30,10.116.75.236,465,UDP

2023-01-01T04:24:31.827Z,10.237.16.129,10.176.179.79,663,UDP

2023-01-01T04:24:55.390Z,10.223.245.40,10.239.212.158,345,TCP

2023-01-01T04:25:53.361Z,10.243.60.64,10.87.115.76,782,TCP

2023-01-01T04:26:06.787Z,10.217.66.63,10.170.253.166,1131,TCP

2023-01-01T04:27:42.758Z,10.113.248.17,10.116.75.236,683,TCP

2023-01-01T04:28:57.333Z,10.50.157.37,10.57.45.97,1488,TCP

2023-01-01T04:29:07.044Z,10.108.235.88,10.176.179.79,346,UDP

2023-01-01T04:29:08.127Z,10.210.27.108,10.239.212.158,920,TCP

2023-01-01T04:30:19.392Z,10.191.206.39,10.239.212.158,1171,TCP

2023-01-01T04:30:40.304Z,10.132.143.5,10.14.153.194,1188,UDP

2023-01-01T04:31:55.687Z,10.80.55.9,10.144.14.129,1010,UDP

2023-01-01T04:32:14.945Z,10.149.206.171,10.176.179.79,1030,TCP

2023-01-01T04:33:47.859Z,10.111.191.174,10.186.85.34,16,TCP

2023-01-01T04:34:07.476Z,10.104.79.58,10.116.75.236,1498,UDP

2023-01-01T04:35:11.853Z,10.108.62.187,10.186.85.34,176,TCP

2023-01-01T04:36:05.162Z,10.253.225.224,10.176.179.79,465,TCP

2023-01-01T04:36:50.884Z,10.122.186.20,10.144.14.129,591,UDP

2023-01-01T04:37:18.992Z,10.187.147.219,10.213.223.235,722,TCP

2023-01-01T04:38:01.610Z,10.237.16.129,10.57.45.97,1022,TCP

2023-01-01T04:39:32.474Z,10.182.199.46,10.144.14.129,819,TCP

2023-01-01T04:40:56.768Z,10.170.255.201,10.129.236.79,689,TCP

2023-01-01T04:41:12.887Z,10.254.106.168,10.213.223.235,1074,UDP

2023-01-01T04:42:00.936Z,10.170.215.121,10.170.253.166,43,TCP

2023-01-01T04:42:21.696Z,10.10.33.9,10.80.121.143,937,TCP

2023-01-01T04:43:24.137Z,10.3.164.80,10.143.95.241,247,TCP

2023-01-01T04:44:04.804Z,10.199.100.144,10.239.212.158,140,UDP

2023-01-01T04:44:08.601Z,10.113.86.14,10.116.75.236,86,UDP

2023-01-01T04:45:28.000Z,10.16.43.47,10.116.75.236,1236,TCP

2023-01-01T04:46:06.334Z,10.26.154.141,10.116.75.236,851,UDP

2023-01-01T04:46:23.987Z,10.237.226.106,10.116.75.236,1412,UDP

2023-01-01T04:47:18.067Z,10.199.100.144,10.144.14.129,69,UDP

2023-01-01T04:47:45.847Z,10.60.55.99,10.57.45.97,1192,TCP

2023-01-01T04:49:04.018Z,10.214.69.185,10.144.14.129,346,TCP

2023-01-01T04:50:22.212Z,10.216.207.190,10.116.75.236,166,TCP

2023-01-01T04:51:48.036Z,10.205.75.65,10.143.95.241,348,UDP

2023-01-01T04:53:00.417Z,10.55.119.185,10.57.45.97,1174,TCP

2023-01-01T04:53:03.966Z,10.62.86.219,10.20.53.129,42,TCP

2023-01-01T04:54:07.433Z,10.154.168.119,10.176.179.79,253,TCP

2023-01-01T04:55:20.427Z,10.1.56.14,10.106.193.29,1144,TCP

2023-01-01T04:56:58.470Z,10.195.212.202,10.170.253.166,672,UDP

2023-01-01T04:58:13.955Z,10.206.7.112,10.20.53.129,460,TCP

2023-01-01T04:58:32.279Z,10.187.21.112,10.156.37.143,796,UDP

2023-01-01T04:59:37.158Z,10.234.129.7,10.176.179.79,1099,TCP

2023-01-01T05:00:35.645Z,10.67.158.163,10.239.212.158,724,TCP

2023-01-01T05:01:46.461Z,10.41.221.91,10.20.53.129,706,UDP

2023-01-01T05:02:25.607Z,10.98.130.153,10.129.236.79,1091,UDP

2023-01-01T05:04:04.327Z,10.154.168.119,10.144.14.129,1364,TCP

2023-01-01T05:04:17.373Z,10.140.194.130,10.87.115.76,469,UDP

2023-01-01T05:05:50.514Z,10.204.115.193,10.106.193.29,75,TCP

2023-01-01T05:07:01.194Z,10.94.221.190,10.176.179.79,1447,UDP

2023-01-01T05:07:56.319Z,10.239.250.58,10.144.14.129,927,TCP

2023-01-01T05:09:05.038Z,10.62.86.219,10.106.193.29,1018,TCP

2023-01-01T05:10:34.074Z,10.130.42.123,10.106.193.29,1027,TCP

2023-01-01T05:12:04.613Z,10.242.203.58,10.106.193.29,1004,TCP

2023-01-01T05:12:17.508Z,10.37.238.168,10.116.75.236,48,UDP

2023-01-01T05:12:36.918Z,10.245.183.191,10.106.193.29,1245,UDP

2023-01-01T05:12:56.176Z,10.222.160.22,10.186.85.34,222,TCP

2023-01-01T05:13:03.198Z,10.193.166.190,10.170.253.166,1065,TCP

2023-01-01T05:14:10.342Z,10.242.220.68,10.239.212.158,947,TCP

2023-01-01T05:15:28.740Z,10.80.71.34,10.106.193.29,171,TCP

2023-01-01T05:16:13.849Z,10.232.124.94,10.144.14.129,1463,TCP

2023-01-01T05:17:41.426Z,10.66.44.28,10.129.236.79,1263,TCP

2023-01-01T05:18:58.067Z,10.223.245.40,10.129.236.79,672,UDP

2023-01-01T05:20:20.229Z,10.237.77.142,10.186.85.34,9,TCP

2023-01-01T05:21:37.801Z,10.192.53.57,10.116.75.236,307,UDP

2023-01-01T05:22:19.148Z,10.100.79.180,10.116.75.236,442,TCP

2023-01-01T05:23:43.127Z,10.140.62.168,10.170.253.166,588,UDP

2023-01-01T05:23:47.901Z,10.151.165.100,10.186.85.34,1341,TCP

2023-01-01T05:24:30.221Z,10.210.238.51,10.144.14.129,1263,TCP

2023-01-01T05:25:53.688Z,10.7.114.147,10.176.179.79,1063,TCP

2023-01-01T05:27:06.281Z,10.52.38.215,10.186.85.34,605,TCP

2023-01-01T05:27:59.198Z,10.199.253.230,10.106.193.29,1219,TCP

2023-01-01T05:29:34.615Z,10.247.40.238,10.116.75.236,389,UDP

2023-01-01T05:30:27.858Z,10.11.129.235,10.186.85.34,14,TCP

2023-01-01T05:31:11.071Z,10.215.188.40,10.143.95.241,438,UDP

2023-01-01T05:31:16.532Z,10.88.59.137,10.239.212.158,404,TCP

2023-01-01T05:31:30.734Z,10.88.244.190,10.186.85.34,448,TCP

2023-01-01T05:32:54.576Z,10.192.7.74,10.156.37.143,168,TCP

2023-01-01T05:33:12.978Z,10.170.255.201,10.213.223.235,1248,TCP

2023-01-01T05:34:50.580Z,10.70.87.41,10.213.223.235,1313,TCP

2023-01-01T05:35:06.238Z,10.94.221.190,10.57.45.97,513,UDP

2023-01-01T05:35:35.424Z,10.110.191.104,10.87.115.76,568,UDP

2023-01-01T05:36:54.610Z,10.12.15.41,10.186.85.34,1267,TCP

2023-01-01T05:38:08.502Z,10.95.80.214,10.80.121.143,1139,TCP

2023-01-01T05:38:46.447Z,10.185.31.50,10.87.115.76,452,UDP

2023-01-01T05:39:40.138Z,10.35.253.141,10.129.236.79,187,TCP

2023-01-01T05:40:44.760Z,10.233.1.35,10.156.37.143,1069,TCP

2023-01-01T05:40:48.590Z,10.130.42.123,10.129.236.79,1158,TCP

2023-01-01T05:40:51.200Z,10.203.173.239,10.80.121.143,213,TCP

2023-01-01T05:42:20.357Z,10.210.238.51,10.87.115.76,220,TCP

2023-01-01T05:42:49.646Z,10.41.221.91,10.170.253.166,641,UDP

2023-01-01T05:43:32.321Z,10.210.27.108,10.143.95.241,771,TCP

2023-01-01T05:43:33.325Z,10.52.38.215,10.106.193.29,877,TCP

2023-01-01T05:43:48.876Z,10.199.100.144,10.156.37.143,1454,TCP

2023-01-01T05:44:29.292Z,10.230.69.186,10.143.95.241,156,UDP

2023-01-01T05:45:37.665Z,10.68.24.215,10.239.212.158,295,UDP

2023-01-01T05:47:11.385Z,10.196.20.116,10.144.14.129,450,TCP

2023-01-01T05:47:56.677Z,10.255.114.1,10.144.14.129,95,UDP

2023-01-01T05:48:42.671Z,10.88.32.171,10.80.121.143,623,TCP

2023-01-01T05:49:05.072Z,10.17.115.186,10.186.85.34,1186,UDP

2023-01-01T05:49:23.760Z,10.192.83.135,10.156.37.143,622,TCP

2023-01-01T05:49:57.686Z,10.199.100.144,10.143.95.241,858,UDP

2023-01-01T05:50:27.053Z,10.57.164.235,10.20.53.129,1324,TCP

2023-01-01T05:51:00.764Z,10.133.71.161,10.186.85.34,1357,TCP

2023-01-01T05:51:54.932Z,10.88.244.190,10.176.179.79,1102,TCP

2023-01-01T05:52:40.868Z,10.88.59.137,10.129.236.79,1062,UDP

2023-01-01T05:53:56.216Z,10.97.190.117,10.116.75.236,1323,UDP

2023-01-01T05:54:33.072Z,10.196.211.9,10.186.85.34,255,TCP

2023-01-01T05:55:03.334Z,10.8.138.228,10.144.14.129,1170,UDP

2023-01-01T05:55:30.759Z,10.169.248.249,10.116.75.236,111,TCP

2023-01-01T05:55:56.419Z,10.123.156.76,10.20.53.129,1136,TCP

2023-01-01T05:56:27.766Z,10.26.154.141,10.116.75.236,974,UDP

2023-01-01T05:57:12.891Z,10.120.226.52,10.239.212.158,1070,UDP

2023-01-01T05:58:31.550Z,10.140.20.72,10.116.75.236,697,TCP

2023-01-01T05:59:39.691Z,10.204.115.193,10.106.193.29,1441,TCP

2023-01-01T06:00:57.282Z,10.113.248.17,10.116.75.236,1200,UDP

2023-01-01T06:02:03.820Z,10.103.4.239,10.116.75.236,873,UDP

2023-01-01T06:02:09.698Z,10.199.253.230,10.80.121.143,1364,TCP

2023-01-01T06:02:21.725Z,10.39.180.135,10.116.75.236,1475,TCP

2023-01-01T06:02:57.762Z,10.39.180.135,10.80.121.143,1215,TCP

2023-01-01T06:04:33.920Z,10.88.32.171,10.129.236.79,372,TCP

2023-01-01T06:04:46.337Z,10.119.231.3,10.143.95.241,330,TCP

2023-01-01T06:06:07.386Z,10.94.255.66,10.80.121.143,698,UDP

2023-01-01T06:06:12.269Z,10.167.65.5,10.106.193.29,1132,TCP

2023-01-01T06:06:53.724Z,10.6.36.64,10.186.85.34,510,TCP

2023-01-01T06:07:18.618Z,10.180.218.85,10.129.236.79,821,TCP

2023-01-01T06:08:02.782Z,10.63.155.227,10.20.53.129,1326,UDP

2023-01-01T06:08:30.462Z,10.1.178.178,10.143.95.241,904,UDP

2023-01-01T06:09:44.472Z,10.185.146.221,10.239.212.158,34,UDP

2023-01-01T06:10:26.218Z,10.170.105.63,10.106.193.29,481,TCP

2023-01-01T06:11:08.180Z,10.205.151.63,10.106.193.29,636,UDP

2023-01-01T06:11:42.134Z,10.133.7.150,10.239.212.158,1041,UDP

2023-01-01T06:12:11.361Z,10.215.34.11,10.156.37.143,1082,TCP

2023-01-01T06:12:42.807Z,10.166.199.140,10.80.121.143,305,UDP

2023-01-01T06:13:55.616Z,10.40.214.38,10.20.53.129,972,UDP

2023-01-01T06:15:19.061Z,10.16.43.47,10.213.223.235,719,TCP

2023-01-01T06:16:42.462Z,10.206.7.112,10.80.121.143,1246,TCP

2023-01-01T06:18:08.069Z,10.207.71.243,10.87.115.76,517,TCP

2023-01-01T06:19:24.160Z,10.100.41.252,10.20.53.129,421,UDP

2023-01-01T06:19:42.182Z,10.32.46.46,10.116.75.236,253,UDP

2023-01-01T06:20:01.526Z,10.57.177.43,10.106.193.29,232,UDP

2023-01-01T06:20:12.485Z,10.154.168.119,10.176.179.79,1066,TCP

2023-01-01T06:21:05.940Z,10.237.77.142,10.80.121.143,1472,TCP

2023-01-01T06:21:11.146Z,10.20.234.236,10.106.193.29,350,UDP

2023-01-01T06:22:18.897Z,10.168.5.214,10.239.212.158,201,UDP

2023-01-01T06:23:38.000Z,10.170.40.251,10.129.236.79,1239,TCP

2023-01-01T06:24:57.161Z,10.245.183.191,10.170.253.166,641,UDP

2023-01-01T06:26:06.281Z,10.255.114.1,10.20.53.129,592,TCP

2023-01-01T06:27:08.413Z,10.32.218.208,10.20.53.129,1118,TCP

2023-01-01T06:27:29.050Z,10.170.105.63,10.239.212.158,387,UDP

2023-01-01T06:27:32.587Z,10.82.145.201,10.144.14.129,552,TCP

2023-01-01T06:28:36.504Z,10.27.217.76,10.176.179.79,443,UDP

2023-01-01T06:29:32.838Z,10.178.37.38,10.176.179.79,1141,UDP

2023-01-01T06:30:20.610Z,10.155.247.28,10.170.253.166,209,UDP

2023-01-01T06:31:24.189Z,10.249.46.163,10.116.75.236,810,TCP

2023-01-01T06:31:40.292Z,10.22.226.96,10.87.115.76,523,TCP

2023-01-01T06:33:12.175Z,10.142.164.205,10.186.85.34,121,UDP

2023-01-01T06:33:12.767Z,10.3.123.173,10.87.115.76,222,UDP

2023-01-01T06:33:31.227Z,10.217.40.69,10.106.193.29,1243,UDP

2023-01-01T06:33:38.251Z,10.186.90.75,10.186.85.34,983,UDP

2023-01-01T06:35:07.134Z,10.203.178.169,10.129.236.79,92,TCP

2023-01-01T06:35:42.089Z,10.226.209.176,10.106.193.29,1126,TCP

2023-01-01T06:36:49.868Z,10.86.112.115,10.57.45.97,566,TCP

2023-01-01T06:38:25.666Z,10.32.46.46,10.106.193.29,408,UDP

2023-01-01T06:39:57.859Z,10.192.53.57,10.106.193.29,321,TCP

2023-01-01T06:40:58.133Z,10.152.227.26,10.87.115.76,1446,TCP

2023-01-01T06:42:01.319Z,10.178.37.38,10.106.193.29,880,UDP

2023-01-01T06:42:13.922Z,10.216.63.93,10.80.121.143,902,UDP

2023-01-01T06:43:23.790Z,10.105.107.101,10.239.212.158,935,UDP

2023-01-01T06:44:54.642Z,10.99.192.199,10.87.115.76,1479,TCP

2023-01-01T06:45:01.928Z,10.135.28.69,10.170.253.166,1368,UDP

2023-01-01T06:45:55.975Z,10.17.36.13,10.144.14.129,945,UDP

2023-01-01T06:46:24.298Z,10.110.191.104,10.87.115.76,1244,UDP

2023-01-01T06:47:02.080Z,10.237.43.199,10.106.193.29,1435,UDP

2023-01-01T06:47:07.386Z,10.26.154.141,10.80.121.143,283,TCP

2023-01-01T06:47:32.305Z,10.154.19.137,10.80.121.143,263,TCP

2023-01-01T06:49:06.297Z,10.96.193.98,10.87.115.76,1085,TCP

2023-01-01T06:49:13.070Z,10.160.167.94,10.176.179.79,290,UDP

2023-01-01T06:50:05.932Z,10.214.69.185,10.106.193.29,1302,UDP

2023-01-01T06:51:09.199Z,10.135.24.18,10.156.37.143,813,TCP

2023-01-01T06:52:08.761Z,10.91.160.94,10.87.115.76,532,UDP

2023-01-01T06:53:31.490Z,10.185.31.50,10.129.236.79,713,TCP

2023-01-01T06:53:58.976Z,10.182.12.148,10.80.121.143,203,TCP

2023-01-01T06:54:47.346Z,10.94.18.147,10.116.75.236,745,TCP

2023-01-01T06:56:13.224Z,10.94.57.51,10.186.85.34,719,UDP

2023-01-01T06:56:37.268Z,10.186.90.75,10.239.212.158,1017,TCP

2023-01-01T06:58:11.115Z,10.71.35.30,10.186.85.34,309,TCP

2023-01-01T06:58:46.756Z,10.235.130.4,10.129.236.79,1457,TCP

2023-01-01T06:58:59.974Z,10.90.239.109,10.129.236.79,298,UDP

2023-01-01T06:59:31.769Z,10.182.199.46,10.239.212.158,1083,UDP

2023-01-01T07:00:22.473Z,10.75.208.23,10.239.212.158,940,TCP

2023-01-01T07:00:54.406Z,10.91.235.207,10.20.53.129,713,TCP

2023-01-01T07:01:17.634Z,10.11.129.235,10.129.236.79,620,UDP

2023-01-01T07:02:14.957Z,10.67.158.163,10.176.179.79,399,UDP

2023-01-01T07:02:51.174Z,10.237.77.142,10.213.223.235,930,TCP

2023-01-01T07:03:39.054Z,10.140.194.130,10.186.85.34,984,UDP

2023-01-01T07:04:53.490Z,10.176.205.107,10.176.179.79,1241,TCP

2023-01-01T07:05:10.022Z,10.227.47.209,10.20.53.129,103,UDP

2023-01-01T07:06:44.324Z,10.200.136.92,10.116.75.236,318,UDP

2023-01-01T07:07:42.726Z,10.191.206.39,10.129.236.79,447,UDP

2023-01-01T07:08:31.274Z,10.6.80.23,10.106.193.29,15,TCP

2023-01-01T07:08:51.120Z,10.232.124.94,10.129.236.79,198,TCP

2023-01-01T07:09:10.820Z,10.57.216.34,10.170.253.166,1438,TCP

2023-01-01T07:10:29.044Z,10.233.1.35,10.80.121.143,1177,TCP

2023-01-01T07:11:38.962Z,10.255.114.1,10.129.236.79,598,TCP

2023-01-01T07:11:49.325Z,10.141.13.190,10.20.53.129,152,TCP

2023-01-01T07:12:14.234Z,10.143.137.51,10.87.115.76,1086,UDP

2023-01-01T07:12:16.305Z,10.55.119.185,10.239.212.158,1170,TCP

2023-01-01T07:13:25.765Z,10.234.185.160,10.176.179.79,870,TCP

2023-01-01T07:14:27.022Z,10.223.245.40,10.156.37.143,417,UDP

2023-01-01T07:15:28.040Z,10.20.234.236,10.106.193.29,496,TCP

2023-01-01T07:16:21.987Z,10.80.55.9,10.143.95.241,531,TCP

2023-01-01T07:17:35.937Z,10.87.30.242,10.116.75.236,749,TCP

2023-01-01T07:17:38.947Z,10.183.35.30,10.129.236.79,633,TCP

2023-01-01T07:19:06.855Z,10.207.158.222,10.143.95.241,1215,TCP

2023-01-01T07:19:14.760Z,10.103.116.135,10.239.212.158,1387,TCP

2023-01-01T07:19:39.057Z,10.81.122.111,10.87.115.76,203,UDP

2023-01-01T07:20:33.315Z,10.192.73.27,10.116.75.236,244,UDP

2023-01-01T07:21:57.867Z,10.206.7.112,10.116.75.236,1160,TCP

2023-01-01T07:23:31.828Z,10.140.20.72,10.156.37.143,676,UDP

2023-01-01T07:24:38.113Z,10.100.79.180,10.186.85.34,758,UDP

2023-01-01T07:25:15.913Z,10.63.155.227,10.57.45.97,1290,UDP

2023-01-01T07:25:35.388Z,10.153.84.200,10.170.253.166,323,UDP

2023-01-01T07:26:37.839Z,10.125.28.157,10.87.115.76,247,TCP

2023-01-01T07:27:25.165Z,10.87.130.171,10.57.45.97,1448,TCP

2023-01-01T07:29:04.630Z,10.6.65.237,10.116.75.236,384,TCP

2023-01-01T07:29:27.190Z,10.214.69.185,10.239.212.158,1408,UDP

2023-01-01T07:30:10.317Z,10.197.108.77,10.143.95.241,704,UDP

2023-01-01T07:31:20.449Z,10.2.176.255,10.116.75.236,1137,TCP

2023-01-01T07:32:42.086Z,10.168.5.214,10.57.45.97,686,TCP

2023-01-01T07:32:42.277Z,10.18.4.214,10.87.115.76,69,UDP

2023-01-01T07:33:34.218Z,10.15.234.89,10.144.14.129,274,TCP

2023-01-01T07:34:39.532Z,10.73.123.106,10.143.95.241,64,UDP

2023-01-01T07:35:33.755Z,10.102.178.47,10.129.236.79,627,UDP

2023-01-01T07:35:47.114Z,10.92.211.205,10.87.115.76,286,UDP

2023-01-01T07:36:27.000Z,10.25.105.244,10.116.75.236,1196,TCP

2023-01-01T07:37:01.912Z,10.99.22.149,10.239.212.158,971,TCP

2023-01-01T07:37:47.505Z,10.77.167.42,10.87.115.76,634,TCP

2023-01-01T07:37:57.982Z,10.160.28.91,10.129.236.79,26,UDP

2023-01-01T07:38:30.102Z,10.160.167.94,10.80.121.143,972,TCP

2023-01-01T07:39:26.617Z,10.105.68.196,10.239.212.158,958,TCP

2023-01-01T07:40:27.519Z,10.243.177.91,10.129.236.79,884,UDP

2023-01-01T07:41:11.683Z,10.88.32.171,10.116.75.236,35,TCP

2023-01-01T07:41:39.493Z,10.23.180.34,10.20.53.129,449,UDP

2023-01-01T07:42:20.634Z,10.113.248.17,10.170.253.166,215,TCP

2023-01-01T07:42:26.840Z,10.105.102.80,10.170.253.166,162,TCP

2023-01-01T07:43:56.393Z,10.111.7.113,10.213.223.235,571,TCP

2023-01-01T07:44:08.605Z,10.233.1.35,10.170.253.166,667,UDP

2023-01-01T07:45:42.139Z,10.245.183.191,10.170.253.166,485,TCP

2023-01-01T07:46:37.591Z,10.170.150.255,10.116.75.236,171,UDP

2023-01-01T07:47:46.000Z,10.16.43.47,10.156.37.143,564,TCP

2023-01-01T07:48:01.635Z,10.51.169.129,10.186.85.34,10,UDP

2023-01-01T07:49:09.456Z,10.129.216.217,10.20.53.129,1287,UDP

2023-01-01T07:49:42.963Z,10.155.247.28,10.170.253.166,34,TCP

2023-01-01T07:50:01.271Z,10.133.214.90,10.80.121.143,363,TCP

2023-01-01T07:50:08.584Z,10.185.31.50,10.20.53.129,215,UDP

2023-01-01T07:50:37.539Z,10.163.193.16,10.186.85.34,1481,TCP

2023-01-01T07:51:09.496Z,10.13.161.238,10.239.212.158,1314,UDP

2023-01-01T07:51:20.224Z,10.113.86.14,10.20.53.129,1378,UDP

2023-01-01T07:52:19.627Z,10.7.114.147,10.239.212.158,844,UDP

2023-01-01T07:52:55.831Z,10.123.0.131,10.156.37.143,1312,TCP

2023-01-01T07:53:52.100Z,10.41.221.91,10.144.14.129,755,UDP

2023-01-01T07:54:58.145Z,10.105.102.80,10.129.236.79,505,UDP

2023-01-01T07:55:33.208Z,10.117.209.76,10.87.115.76,922,UDP

2023-01-01T07:55:39.555Z,10.113.86.14,10.80.121.143,79,UDP

2023-01-01T07:57:07.899Z,10.57.109.229,10.20.53.129,188,TCP

2023-01-01T07:57:54.943Z,10.148.251.11,10.144.14.129,67,TCP

2023-01-01T07:58:00.228Z,10.114.44.17,10.239.212.158,1179,UDP

2023-01-01T07:58:59.882Z,10.7.111.152,10.186.85.34,839,UDP

2023-01-01T07:59:25.031Z,10.120.63.249,10.87.115.76,954,UDP

2023-01-01T08:00:06.440Z,10.70.87.41,10.116.75.236,117,TCP

2023-01-01T08:01:42.312Z,10.0.157.37,10.239.212.158,893,TCP

2023-01-01T08:02:20.219Z,10.102.178.47,10.57.45.97,12,TCP

2023-01-01T08:02:56.341Z,10.195.108.171,10.116.75.236,403,UDP

2023-01-01T08:04:26.393Z,10.137.226.60,10.144.14.129,370,TCP

2023-01-01T08:05:35.604Z,10.57.109.229,10.20.53.129,479,TCP

2023-01-01T08:07:06.350Z,10.167.210.7,10.176.179.79,294,TCP

2023-01-01T08:08:34.362Z,10.82.145.201,10.239.212.158,1331,TCP

2023-01-01T08:09:01.990Z,10.192.226.89,10.20.53.129,922,UDP

2023-01-01T08:10:29.226Z,10.143.137.51,10.170.253.166,749,UDP

2023-01-01T08:11:51.996Z,10.166.199.140,10.239.212.158,787,UDP

2023-01-01T08:13:08.816Z,10.185.146.221,10.186.85.34,1275,TCP

2023-01-01T08:14:44.837Z,10.51.155.52,10.20.53.129,567,TCP

2023-01-01T08:14:55.840Z,10.167.210.7,10.57.45.97,557,TCP

2023-01-01T08:15:42.992Z,10.196.20.116,10.80.121.143,1088,TCP

2023-01-01T08:16:44.497Z,10.149.206.171,10.176.179.79,676,UDP

2023-01-01T08:17:38.226Z,10.195.212.202,10.80.121.143,515,TCP

2023-01-01T08:18:57.941Z,10.148.251.11,10.106.193.29,60,UDP

2023-01-01T08:20:30.414Z,10.218.252.79,10.186.85.34,1204,UDP

2023-01-01T08:21:25.320Z,10.35.42.202,10.20.53.129,1014,UDP

2023-01-01T08:22:59.503Z,10.183.35.30,10.176.179.79,382,TCP

2023-01-01T08:23:10.169Z,10.160.167.94,10.156.37.143,463,TCP

2023-01-01T08:23:47.036Z,10.210.27.108,10.116.75.236,996,TCP

2023-01-01T08:24:56.103Z,10.200.136.92,10.239.212.158,1023,TCP

2023-01-01T08:24:58.712Z,10.154.168.119,10.80.121.143,985,UDP

2023-01-01T08:26:36.978Z,10.109.200.246,10.116.75.236,1471,TCP

2023-01-01T08:27:58.477Z,10.17.115.186,10.57.45.97,839,UDP

2023-01-01T08:29:18.422Z,10.160.167.94,10.87.115.76,826,UDP

2023-01-01T08:30:05.539Z,10.62.86.219,10.116.75.236,1122,UDP

2023-01-01T08:30:10.525Z,10.167.65.5,10.156.37.143,776,TCP

2023-01-01T08:30:38.638Z,10.155.95.138,10.80.121.143,978,TCP

2023-01-01T08:32:14.669Z,10.99.192.199,10.26.225.61,1380,TCP

2023-01-01T08:33:08.569Z,10.51.155.52,10.116.75.236,792,TCP

2023-01-01T08:34:37.904Z,10.218.252.79,10.87.115.76,1438,TCP

2023-01-01T08:35:50.446Z,10.48.135.175,10.129.236.79,496,UDP

2023-01-01T08:36:27.655Z,10.180.218.85,10.80.121.143,884,TCP

2023-01-01T08:37:08.366Z,10.44.250.68,10.129.236.79,388,TCP

2023-01-01T08:37:10.846Z,10.3.123.173,10.20.53.129,14,UDP

2023-01-01T08:38:32.428Z,10.26.154.141,10.116.75.236,462,TCP

2023-01-01T08:39:13.184Z,10.135.28.69,10.20.53.129,1426,UDP

2023-01-01T08:40:08.279Z,10.79.55.111,10.80.121.143,1260,TCP

2023-01-01T08:40:25.755Z,10.86.222.59,10.176.179.79,406,UDP

2023-01-01T08:40:58.471Z,10.122.186.20,10.116.75.236,403,UDP

2023-01-01T08:41:20.990Z,10.134.200.43,10.57.45.97,743,UDP

2023-01-01T08:42:49.418Z,10.40.214.38,10.20.53.129,485,TCP

2023-01-01T08:43:05.195Z,10.204.124.169,10.156.37.143,1468,UDP

2023-01-01T08:43:51.760Z,10.109.236.73,10.87.115.76,1190,TCP

2023-01-01T08:45:01.983Z,10.251.169.213,10.143.95.241,227,TCP

2023-01-01T08:46:32.240Z,10.16.43.47,10.129.236.79,636,TCP

2023-01-01T08:46:57.079Z,10.80.37.140,10.80.121.143,1267,TCP

2023-01-01T08:47:59.172Z,10.182.12.148,10.239.212.158,904,TCP

2023-01-01T08:49:02.218Z,10.71.35.30,10.143.95.241,531,TCP

2023-01-01T08:50:39.264Z,10.230.69.186,10.116.75.236,410,TCP

2023-01-01T08:51:49.240Z,10.169.248.249,10.239.212.158,1257,TCP

2023-01-01T08:52:28.236Z,10.214.152.13,10.87.115.76,356,TCP

2023-01-01T08:53:09.851Z,10.94.221.190,10.80.121.143,1244,UDP

2023-01-01T08:53:17.208Z,10.192.23.120,10.144.14.129,48,UDP

2023-01-01T08:54:01.780Z,10.38.191.141,10.116.75.236,42,TCP

2023-01-01T08:54:58.509Z,10.225.143.120,10.20.53.129,217,TCP

2023-01-01T08:56:00.623Z,10.0.9.240,10.170.253.166,1489,UDP

2023-01-01T08:57:03.458Z,10.32.218.208,10.213.223.235,1134,TCP

2023-01-01T08:57:39.345Z,10.67.30.29,10.176.179.79,184,UDP

2023-01-01T08:58:11.996Z,10.6.80.23,10.186.85.34,829,TCP

2023-01-01T08:58:17.570Z,10.183.75.130,10.176.179.79,336,UDP

2023-01-01T08:58:44.954Z,10.79.55.111,10.80.121.143,384,UDP

2023-01-01T09:00:14.726Z,10.6.80.23,10.129.236.79,1479,TCP

2023-01-01T09:00:20.802Z,10.255.117.218,10.186.85.34,723,TCP

2023-01-01T09:01:48.341Z,10.10.111.85,10.106.193.29,1493,UDP

2023-01-01T09:02:51.468Z,10.91.235.207,10.116.75.236,787,TCP

2023-01-01T09:03:12.817Z,10.151.56.24,10.129.236.79,369,TCP

2023-01-01T09:03:50.759Z,10.57.164.235,10.186.85.34,1083,TCP

2023-01-01T09:04:03.910Z,10.212.249.49,10.186.85.34,282,TCP

2023-01-01T09:05:39.427Z,10.230.69.186,10.144.14.129,1233,UDP

2023-01-01T09:05:52.126Z,10.152.1.193,10.20.53.129,903,UDP

2023-01-01T09:06:00.405Z,10.209.236.91,10.170.253.166,1330,UDP

2023-01-01T09:06:46.756Z,10.60.233.90,10.186.85.34,299,TCP

2023-01-01T09:06:47.739Z,10.174.83.147,10.87.115.76,272,UDP

2023-01-01T09:07:36.738Z,10.26.251.181,10.20.53.129,610,TCP

2023-01-01T09:07:54.252Z,10.90.78.254,10.20.53.129,1471,TCP

2023-01-01T09:08:17.847Z,10.73.233.216,10.20.53.129,38,TCP

2023-01-01T09:09:09.966Z,10.6.80.23,10.129.236.79,675,UDP

2023-01-01T09:09:34.350Z,10.109.200.246,10.170.253.166,1417,TCP

2023-01-01T09:10:46.886Z,10.193.89.57,10.87.115.76,30,TCP

2023-01-01T09:11:09.575Z,10.100.5.171,10.116.75.236,1442,UDP

2023-01-01T09:11:54.868Z,10.15.234.89,10.144.14.129,894,TCP

2023-01-01T09:12:02.271Z,10.2.176.255,10.186.85.34,1441,UDP

2023-01-01T09:12:42.875Z,10.217.40.69,10.129.236.79,841,TCP

2023-01-01T09:12:48.337Z,10.43.41.84,10.106.193.29,1118,TCP

2023-01-01T09:12:55.971Z,10.99.192.199,10.186.85.34,561,TCP

2023-01-01T09:13:05.179Z,10.22.226.96,10.129.236.79,1200,TCP

2023-01-01T09:13:43.584Z,10.70.87.41,10.116.75.236,1486,UDP

2023-01-01T09:15:21.575Z,10.233.103.192,10.186.85.34,1226,UDP

2023-01-01T09:16:10.070Z,10.36.53.210,10.116.75.236,583,UDP

2023-01-01T09:17:23.399Z,10.187.147.219,10.129.236.79,820,UDP

2023-01-01T09:18:04.737Z,10.24.76.77,10.144.14.129,561,UDP

2023-01-01T09:18:20.731Z,10.87.23.77,10.144.14.129,559,TCP

2023-01-01T09:18:46.641Z,10.210.238.51,10.116.75.236,35,UDP

2023-01-01T09:19:00.597Z,10.164.115.234,10.129.236.79,1208,UDP

2023-01-01T09:20:13.772Z,10.76.232.63,10.26.225.61,911,TCP

2023-01-01T09:21:23.494Z,10.137.226.60,10.87.115.76,621,UDP

2023-01-01T09:22:36.088Z,10.167.210.7,10.176.179.79,660,TCP

2023-01-01T09:22:36.676Z,10.192.53.57,10.186.85.34,1457,UDP

2023-01-01T09:22:53.687Z,10.246.254.7,10.156.37.143,176,TCP

2023-01-01T09:24:02.205Z,10.7.111.152,10.80.121.143,593,UDP

2023-01-01T09:24:24.623Z,10.10.33.9,10.170.253.166,886,UDP

2023-01-01T09:24:48.975Z,10.216.63.93,10.106.193.29,1272,UDP

2023-01-01T09:25:33.224Z,10.99.192.199,10.106.193.29,90,UDP

2023-01-01T09:26:18.008Z,10.51.155.52,10.116.75.236,1060,UDP

2023-01-01T09:26:26.150Z,10.53.34.202,10.213.223.235,105,UDP

2023-01-01T09:27:14.355Z,10.174.136.231,10.106.193.29,409,UDP

2023-01-01T09:28:26.357Z,10.133.71.161,10.176.179.79,814,TCP

2023-01-01T09:28:42.771Z,10.100.79.180,10.213.223.235,1153,UDP

2023-01-01T09:28:46.153Z,10.6.252.252,10.57.45.97,911,TCP

2023-01-01T09:30:24.479Z,10.187.147.219,10.80.121.143,655,UDP

2023-01-01T09:31:11.058Z,10.162.229.220,10.213.223.235,1272,TCP

2023-01-01T09:31:53.322Z,10.98.113.23,10.156.37.143,1004,UDP

2023-01-01T09:33:14.825Z,10.2.176.255,10.87.115.76,702,UDP

2023-01-01T09:34:13.852Z,10.2.176.255,10.176.179.79,570,TCP

2023-01-01T09:35:53.779Z,10.192.73.27,10.87.115.76,695,TCP

2023-01-01T09:36:19.867Z,10.170.40.251,10.144.14.129,1351,TCP

2023-01-01T09:37:26.387Z,10.155.95.138,10.80.121.143,993,TCP

2023-01-01T09:37:44.388Z,10.243.60.64,10.176.179.79,71,TCP

2023-01-01T09:38:26.367Z,10.15.234.89,10.80.121.143,378,TCP

2023-01-01T09:39:46.699Z,10.17.36.13,10.170.253.166,1115,TCP

2023-01-01T09:40:28.818Z,10.44.250.68,10.144.14.129,227,UDP

2023-01-01T09:41:14.709Z,10.255.114.1,10.106.193.29,758,UDP

2023-01-01T09:42:31.185Z,10.166.199.140,10.20.53.129,243,UDP

2023-01-01T09:43:39.675Z,10.57.109.229,10.106.193.29,1207,UDP

2023-01-01T09:44:13.907Z,10.90.78.254,10.116.75.236,588,UDP

2023-01-01T09:45:29.085Z,10.175.121.78,10.116.75.236,624,TCP

2023-01-01T09:45:59.678Z,10.18.4.214,10.156.37.143,383,TCP

2023-01-01T09:46:02.890Z,10.88.59.137,10.87.115.76,1115,TCP

2023-01-01T09:46:14.047Z,10.132.143.5,10.239.212.158,1003,UDP

2023-01-01T09:46:16.559Z,10.51.155.52,10.20.53.129,1195,UDP

2023-01-01T09:46:53.508Z,10.53.4.114,10.87.115.76,861,TCP

2023-01-01T09:47:51.571Z,10.86.112.115,10.144.14.129,1257,UDP

2023-01-01T09:48:51.191Z,10.217.146.186,10.80.121.143,282,UDP

2023-01-01T09:49:46.437Z,10.32.106.48,10.20.53.129,221,UDP

2023-01-01T09:51:15.039Z,10.69.180.183,10.170.253.166,900,UDP

2023-01-01T09:52:11.476Z,10.38.191.141,10.116.75.236,276,UDP

2023-01-01T09:52:33.991Z,10.234.185.117,10.213.223.235,494,UDP

2023-01-01T09:53:22.889Z,10.174.83.147,10.129.236.79,967,UDP

2023-01-01T09:54:55.774Z,10.6.80.23,10.106.193.29,346,UDP

2023-01-01T09:55:03.654Z,10.222.160.22,10.156.37.143,1215,UDP

2023-01-01T09:55:21.457Z,10.170.255.201,10.80.121.143,1323,TCP

2023-01-01T09:56:41.198Z,10.166.183.201,10.80.121.143,440,UDP

2023-01-01T09:57:42.698Z,10.71.35.30,10.170.253.166,535,UDP

2023-01-01T09:57:51.775Z,10.73.123.106,10.239.212.158,1109,UDP

2023-01-01T09:58:30.845Z,10.97.190.117,10.129.236.79,105,TCP

2023-01-01T09:59:04.046Z,10.114.44.17,10.156.37.143,1088,UDP

2023-01-01T10:00:24.702Z,10.148.251.11,10.87.115.76,947,UDP

2023-01-01T10:01:07.754Z,10.148.161.249,10.57.45.97,747,TCP

2023-01-01T10:01:25.808Z,10.244.191.215,10.176.179.79,612,TCP

2023-01-01T10:02:36.810Z,10.187.21.112,10.26.225.61,304,TCP

2023-01-01T10:04:00.274Z,10.205.75.65,10.186.85.34,1352,TCP

2023-01-01T10:05:00.654Z,10.144.115.178,10.170.253.166,558,TCP

2023-01-01T10:06:10.826Z,10.73.123.106,10.144.14.129,87,UDP

2023-01-01T10:06:29.102Z,10.80.37.140,10.213.223.235,1261,UDP

2023-01-01T10:07:38.768Z,10.182.12.148,10.176.179.79,81,UDP

2023-01-01T10:08:43.394Z,10.62.86.219,10.106.193.29,1085,TCP

2023-01-01T10:10:19.562Z,10.56.93.208,10.20.53.129,1469,TCP

2023-01-01T10:11:57.606Z,10.54.243.206,10.239.212.158,583,TCP

2023-01-01T10:12:46.498Z,10.144.115.178,10.186.85.34,910,UDP

2023-01-01T10:14:20.535Z,10.220.23.227,10.20.53.129,109,TCP

2023-01-01T10:15:07.634Z,10.3.14.28,10.144.14.129,1233,TCP

2023-01-01T10:16:39.424Z,10.148.251.11,10.176.179.79,1266,UDP

2023-01-01T10:18:19.263Z,10.133.214.90,10.80.121.143,148,TCP

2023-01-01T10:19:53.378Z,10.51.169.129,10.57.45.97,20,TCP

2023-01-01T10:20:33.976Z,10.207.191.139,10.143.95.241,444,UDP

2023-01-01T10:21:52.188Z,10.2.239.215,10.186.85.34,383,UDP

2023-01-01T10:22:18.497Z,10.94.246.80,10.80.121.143,919,UDP

2023-01-01T10:23:33.925Z,10.182.12.148,10.143.95.241,1415,UDP

2023-01-01T10:23:40.771Z,10.197.95.236,10.87.115.76,999,UDP

2023-01-01T10:24:43.527Z,10.109.236.73,10.129.236.79,819,TCP

2023-01-01T10:25:50.218Z,10.44.250.68,10.186.85.34,62,UDP

2023-01-01T10:27:18.068Z,10.32.204.191,10.186.85.34,1491,UDP

2023-01-01T10:28:06.019Z,10.217.40.69,10.186.85.34,5,TCP

2023-01-01T10:28:07.122Z,10.36.53.210,10.20.53.129,1208,UDP

2023-01-01T10:29:22.263Z,10.133.71.161,10.116.75.236,960,UDP

2023-01-01T10:30:00.401Z,10.217.66.63,10.116.75.236,256,TCP

2023-01-01T10:30:22.553Z,10.191.206.39,10.213.223.235,1031,UDP

2023-01-01T10:31:12.268Z,10.249.42.95,10.170.253.166,1160,UDP

2023-01-01T10:31:14.590Z,10.197.108.77,10.144.14.129,341,UDP

2023-01-01T10:31:29.621Z,10.237.77.142,10.239.212.158,1019,TCP

2023-01-01T10:33:01.101Z,10.105.107.101,10.239.212.158,526,TCP

2023-01-01T10:33:15.245Z,10.192.83.135,10.213.223.235,566,UDP

2023-01-01T10:33:52.422Z,10.110.199.163,10.116.75.236,783,TCP

2023-01-01T10:35:18.510Z,10.224.169.190,10.176.179.79,1149,UDP

2023-01-01T10:35:44.623Z,10.80.71.34,10.170.253.166,159,UDP

2023-01-01T10:36:48.617Z,10.43.41.84,10.156.37.143,1107,UDP

2023-01-01T10:37:10.548Z,10.57.216.34,10.116.75.236,775,TCP

2023-01-01T10:37:16.796Z,10.206.9.24,10.87.115.76,447,TCP

2023-01-01T10:37:24.149Z,10.218.252.79,10.20.53.129,1472,UDP

2023-01-01T10:38:22.221Z,10.183.35.30,10.116.75.236,504,TCP

2023-01-01T10:39:11.234Z,10.2.239.215,10.57.45.97,75,UDP

2023-01-01T10:40:29.877Z,10.187.147.219,10.80.121.143,1252,UDP

2023-01-01T10:41:47.267Z,10.63.26.196,10.143.95.241,488,TCP

2023-01-01T10:41:56.251Z,10.153.3.205,10.80.121.143,1144,UDP

2023-01-01T10:43:22.628Z,10.98.130.153,10.80.121.143,637,UDP

2023-01-01T10:43:43.607Z,10.186.90.75,10.186.85.34,1433,UDP

2023-01-01T10:44:48.724Z,10.225.143.120,10.20.53.129,1030,UDP

2023-01-01T10:45:13.102Z,10.57.177.43,10.87.115.76,1446,UDP

2023-01-01T10:45:32.513Z,10.179.197.215,10.116.75.236,1310,UDP

2023-01-01T10:47:12.397Z,10.242.220.68,10.106.193.29,41,TCP

2023-01-01T10:48:32.185Z,10.91.202.54,10.186.85.34,1433,UDP

2023-01-01T10:49:48.364Z,10.193.89.57,10.186.85.34,557,TCP

2023-01-01T10:50:16.959Z,10.182.199.46,10.106.193.29,1391,TCP

2023-01-01T10:50:58.945Z,10.216.207.190,10.176.179.79,1267,UDP

2023-01-01T10:51:41.586Z,10.237.77.142,10.186.85.34,1378,UDP

2023-01-01T10:52:01.066Z,10.57.177.43,10.80.121.143,1254,TCP

2023-01-01T10:53:30.819Z,10.81.122.111,10.80.121.143,1195,TCP

2023-01-01T10:54:49.388Z,10.103.116.135,10.186.85.34,2,TCP

2023-01-01T10:55:08.501Z,10.210.238.51,10.129.236.79,1281,TCP

2023-01-01T10:56:05.790Z,10.94.255.66,10.143.95.241,815,UDP

2023-01-01T10:56:39.443Z,10.1.120.233,10.87.115.76,1452,TCP

2023-01-01T10:57:11.360Z,10.143.23.103,10.80.121.143,711,UDP

2023-01-01T10:58:35.072Z,10.195.108.171,10.80.121.143,1253,UDP

2023-01-01T10:59:34.548Z,10.197.95.236,10.80.121.143,83,UDP

2023-01-01T11:00:16.838Z,10.27.217.76,10.87.115.76,424,TCP

2023-01-01T11:01:22.889Z,10.242.220.68,10.144.14.129,1137,TCP

2023-01-01T11:01:24.120Z,10.160.222.192,10.129.236.79,889,TCP

2023-01-01T11:02:08.662Z,10.73.233.216,10.87.115.76,323,TCP

2023-01-01T11:02:47.360Z,10.168.244.221,10.176.179.79,512,TCP

2023-01-01T11:02:48.293Z,10.167.65.5,10.116.75.236,295,TCP

2023-01-01T11:03:23.003Z,10.127.222.106,10.26.225.61,691,UDP

2023-01-01T11:03:57.096Z,10.200.136.92,10.186.85.34,127,TCP

2023-01-01T11:05:33.686Z,10.174.83.147,10.87.115.76,1027,TCP

2023-01-01T11:06:08.098Z,10.143.23.103,10.116.75.236,216,TCP

2023-01-01T11:07:14.432Z,10.11.129.235,10.20.53.129,242,UDP

2023-01-01T11:07:47.315Z,10.153.3.205,10.156.37.143,284,TCP

2023-01-01T11:08:56.999Z,10.170.215.121,10.80.121.143,1112,TCP

2023-01-01T11:09:25.356Z,10.187.147.219,10.144.14.129,183,UDP

2023-01-01T11:09:25.523Z,10.71.129.52,10.106.193.29,1233,TCP

2023-01-01T11:10:58.959Z,10.103.116.135,10.170.253.166,1393,TCP

2023-01-01T11:12:11.081Z,10.1.56.14,10.129.236.79,61,TCP

2023-01-01T11:13:46.236Z,10.185.146.221,10.20.53.129,112,UDP

2023-01-01T11:14:29.090Z,10.98.113.23,10.116.75.236,1476,UDP

2023-01-01T11:15:22.927Z,10.26.251.181,10.87.115.76,901,UDP

2023-01-01T11:16:43.346Z,10.77.167.42,10.129.236.79,35,UDP

2023-01-01T11:17:40.773Z,10.7.111.152,10.80.121.143,80,TCP

2023-01-01T11:18:03.445Z,10.207.158.222,10.20.53.129,1447,TCP

2023-01-01T11:19:39.800Z,10.170.255.201,10.116.75.236,1227,UDP

2023-01-01T11:21:10.228Z,10.110.191.104,10.80.121.143,981,TCP

2023-01-01T11:21:25.531Z,10.229.182.110,10.20.53.129,352,TCP

2023-01-01T11:22:12.034Z,10.192.226.89,10.57.45.97,1130,TCP

2023-01-01T11:23:47.619Z,10.7.114.147,10.129.236.79,1300,UDP

2023-01-01T11:24:39.560Z,10.85.189.232,10.106.193.29,1061,TCP

2023-01-01T11:26:15.470Z,10.32.106.48,10.144.14.129,1205,TCP

2023-01-01T11:27:44.678Z,10.38.178.1,10.87.115.76,1207,TCP

2023-01-01T11:28:29.555Z,10.53.4.114,10.57.45.97,1291,UDP

2023-01-01T11:29:41.280Z,10.40.214.38,10.87.115.76,1352,TCP

2023-01-01T11:30:10.116Z,10.27.244.189,10.20.53.129,423,UDP

2023-01-01T11:31:34.745Z,10.235.130.4,10.87.115.76,649,TCP

2023-01-01T11:31:38.728Z,10.35.253.141,10.116.75.236,438,UDP

2023-01-01T11:33:09.134Z,10.151.165.100,10.156.37.143,86,UDP

2023-01-01T11:34:26.957Z,10.204.115.193,10.20.53.129,779,TCP

2023-01-01T11:34:32.339Z,10.191.206.39,10.239.212.158,115,TCP

2023-01-01T11:34:40.982Z,10.60.55.99,10.80.121.143,726,TCP

2023-01-01T11:36:06.478Z,10.16.230.135,10.116.75.236,1452,UDP

2023-01-01T11:36:07.620Z,10.169.248.249,10.57.45.97,662,UDP

2023-01-01T11:36:45.559Z,10.42.20.106,10.87.115.76,1178,UDP

2023-01-01T11:37:44.543Z,10.110.199.163,10.20.53.129,377,UDP

2023-01-01T11:38:11.402Z,10.160.167.94,10.116.75.236,871,UDP

2023-01-01T11:38:35.870Z,10.192.23.120,10.57.45.97,53,UDP

2023-01-01T11:39:39.317Z,10.103.116.135,10.156.37.143,828,TCP

2023-01-01T11:41:00.294Z,10.36.53.210,10.87.115.76,419,UDP

2023-01-01T11:42:26.910Z,10.155.247.28,10.213.223.235,597,TCP

2023-01-01T11:43:19.325Z,10.45.249.238,10.144.14.129,547,TCP

2023-01-01T11:44:29.139Z,10.98.113.23,10.213.223.235,561,TCP

2023-01-01T11:45:24.541Z,10.91.202.54,10.106.193.29,811,TCP

2023-01-01T11:45:48.939Z,10.1.56.14,10.156.37.143,527,UDP

2023-01-01T11:47:05.422Z,10.202.17.51,10.106.193.29,1469,UDP

2023-01-01T11:48:23.134Z,10.97.190.117,10.116.75.236,400,TCP

2023-01-01T11:49:22.287Z,10.215.34.11,10.106.193.29,1350,UDP

2023-01-01T11:49:47.010Z,10.95.80.214,10.116.75.236,694,UDP

2023-01-01T11:51:23.582Z,10.120.226.52,10.106.193.29,1251,UDP

2023-01-01T11:52:16.780Z,10.10.139.197,10.106.193.29,596,TCP

2023-01-01T11:53:11.285Z,10.200.136.92,10.20.53.129,182,TCP

2023-01-01T11:54:37.460Z,10.127.222.106,10.144.14.129,523,UDP

2023-01-01T11:55:32.531Z,10.99.116.77,10.80.121.143,546,UDP

2023-01-01T11:57:08.575Z,10.216.142.79,10.80.121.143,1411,TCP

2023-01-01T11:58:42.160Z,10.171.218.56,10.87.115.76,1420,TCP

2023-01-01T12:00:16.583Z,10.91.202.54,10.80.121.143,197,UDP

2023-01-01T12:00:33.535Z,10.135.24.18,10.106.193.29,479,TCP

2023-01-01T12:01:54.668Z,10.174.83.147,10.80.121.143,600,UDP

2023-01-01T12:03:15.291Z,10.216.207.190,10.57.45.97,89,UDP

2023-01-01T12:04:09.938Z,10.211.0.175,10.144.14.129,263,TCP

2023-01-01T12:04:49.812Z,10.26.251.181,10.144.14.129,463,UDP

2023-01-01T12:05:35.158Z,10.3.164.80,10.239.212.158,810,UDP

2023-01-01T12:05:41.065Z,10.226.209.176,10.106.193.29,232,UDP

2023-01-01T12:06:54.225Z,10.196.20.116,10.239.212.158,737,UDP

2023-01-01T12:08:06.781Z,10.91.202.54,10.186.85.34,469,UDP

2023-01-01T12:09:00.978Z,10.7.111.152,10.87.115.76,1236,TCP

2023-01-01T12:10:31.843Z,10.15.144.222,10.87.115.76,369,UDP

2023-01-01T12:11:32.527Z,10.194.246.196,10.170.253.166,930,UDP

2023-01-01T12:12:27.256Z,10.199.253.230,10.116.75.236,1176,TCP

2023-01-01T12:14:00.499Z,10.95.80.214,10.186.85.34,423,TCP

2023-01-01T12:15:14.205Z,10.170.255.201,10.176.179.79,87,TCP

2023-01-01T12:15:41.611Z,10.3.14.28,10.129.236.79,1002,UDP

2023-01-01T12:16:32.369Z,10.113.248.17,10.116.75.236,536,TCP

2023-01-01T12:17:23.707Z,10.137.226.60,10.116.75.236,365,UDP

2023-01-01T12:17:31.999Z,10.22.226.96,10.143.95.241,1020,UDP

2023-01-01T12:18:18.483Z,10.123.79.40,10.106.193.29,309,TCP

2023-01-01T12:18:25.865Z,10.185.146.221,10.14.153.194,1490,UDP

2023-01-01T12:19:55.471Z,10.88.32.171,10.20.53.129,640,UDP

2023-01-01T12:19:57.360Z,10.238.55.49,10.143.95.241,926,UDP

2023-01-01T12:20:38.978Z,10.151.165.100,10.80.121.143,552,TCP

2023-01-01T12:20:42.949Z,10.54.243.206,10.116.75.236,938,UDP

2023-01-01T12:21:00.608Z,10.199.253.230,10.129.236.79,1304,TCP

2023-01-01T12:22:11.434Z,10.207.158.222,10.129.236.79,1389,TCP

2023-01-01T12:22:38.654Z,10.210.133.1,10.144.14.129,524,TCP

2023-01-01T12:23:23.623Z,10.38.81.199,10.144.14.129,1323,UDP

2023-01-01T12:24:44.738Z,10.39.180.135,10.20.53.129,1465,UDP

2023-01-01T12:25:27.164Z,10.26.251.181,10.129.236.79,1186,TCP

2023-01-01T12:27:01.978Z,10.128.98.182,10.116.75.236,1183,TCP

2023-01-01T12:27:59.685Z,10.17.36.13,10.239.212.158,1481,UDP

2023-01-01T12:28:51.091Z,10.80.71.34,10.129.236.79,1332,UDP

2023-01-01T12:29:23.401Z,10.6.36.64,10.239.212.158,910,UDP

2023-01-01T12:30:47.886Z,10.185.31.50,10.129.236.79,1479,UDP

2023-01-01T12:30:52.537Z,10.17.36.13,10.129.236.79,53,TCP

2023-01-01T12:31:44.522Z,10.243.60.64,10.186.85.34,349,UDP

2023-01-01T12:32:10.114Z,10.27.217.76,10.80.121.143,939,TCP

2023-01-01T12:32:15.408Z,10.94.246.80,10.170.253.166,497,TCP

2023-01-01T12:33:04.477Z,10.43.41.84,10.116.75.236,878,UDP

2023-01-01T12:33:12.546Z,10.111.191.174,10.186.85.34,969,TCP

2023-01-01T12:34:43.094Z,10.113.248.17,10.80.121.143,167,TCP

2023-01-01T12:35:31.986Z,10.243.177.91,10.116.75.236,565,UDP

2023-01-01T12:36:28.356Z,10.203.228.212,10.106.193.29,971,UDP

2023-01-01T12:37:23.643Z,10.142.164.205,10.176.179.79,1323,UDP

2023-01-01T12:38:18.736Z,10.237.95.96,10.57.45.97,27,TCP

2023-01-01T12:38:26.327Z,10.50.157.37,10.116.75.236,788,TCP

2023-01-01T12:39:46.801Z,10.100.79.180,10.129.236.79,267,TCP

2023-01-01T12:41:23.616Z,10.200.136.92,10.170.253.166,85,UDP

2023-01-01T12:41:53.236Z,10.114.44.17,10.239.212.158,484,TCP

2023-01-01T12:42:01.496Z,10.111.7.113,10.116.75.236,249,UDP

2023-01-01T12:42:42.656Z,10.45.249.238,10.143.95.241,125,UDP

2023-01-01T12:44:18.914Z,10.210.133.1,10.156.37.143,336,UDP

2023-01-01T12:45:25.357Z,10.200.136.92,10.80.121.143,900,TCP

2023-01-01T12:47:00.038Z,10.6.80.23,10.156.37.143,1097,UDP

2023-01-01T12:47:30.428Z,10.97.190.117,10.129.236.79,922,TCP

2023-01-01T12:48:12.120Z,10.99.22.149,10.170.253.166,1125,TCP

2023-01-01T12:48:58.337Z,10.252.255.1,10.239.212.158,212,TCP

2023-01-01T12:49:36.336Z,10.97.190.117,10.176.179.79,1146,UDP

2023-01-01T12:49:53.124Z,10.6.252.252,10.116.75.236,1461,TCP

2023-01-01T12:51:11.686Z,10.110.199.163,10.80.121.143,41,UDP

2023-01-01T12:51:51.210Z,10.154.168.119,10.116.75.236,830,UDP

2023-01-01T12:52:30.638Z,10.16.230.135,10.116.75.236,1363,UDP

2023-01-01T12:53:20.718Z,10.135.28.69,10.116.75.236,627,UDP

2023-01-01T12:54:26.002Z,10.123.0.131,10.156.37.143,874,UDP

2023-01-01T12:55:45.225Z,10.222.160.22,10.57.45.97,472,UDP

2023-01-01T12:55:54.491Z,10.161.28.95,10.170.253.166,748,UDP

2023-01-01T12:57:17.333Z,10.15.144.222,10.176.179.79,1241,UDP

2023-01-01T12:58:05.397Z,10.17.36.13,10.57.45.97,723,UDP

2023-01-01T12:59:19.476Z,10.218.252.79,10.143.95.241,61,UDP

2023-01-01T12:59:51.019Z,10.100.79.180,10.129.236.79,874,TCP

2023-01-01T13:00:43.596Z,10.110.191.104,10.87.115.76,318,UDP

2023-01-01T13:01:01.563Z,10.53.34.202,10.176.179.79,1428,TCP

2023-01-01T13:01:17.759Z,10.10.111.85,10.186.85.34,134,UDP

2023-01-01T13:02:17.416Z,10.237.226.106,10.213.223.235,382,TCP

2023-01-01T13:02:59.782Z,10.77.167.42,10.176.179.79,212,TCP

2023-01-01T13:03:39.856Z,10.41.143.137,10.116.75.236,652,UDP

2023-01-01T13:04:28.126Z,10.162.252.229,10.116.75.236,1387,UDP

2023-01-01T13:05:30.342Z,10.105.68.196,10.186.85.34,116,UDP

2023-01-01T13:05:56.551Z,10.75.208.23,10.239.212.158,1035,TCP

2023-01-01T13:07:23.617Z,10.82.83.25,10.186.85.34,351,UDP

2023-01-01T13:07:50.357Z,10.18.54.64,10.80.121.143,557,TCP

2023-01-01T13:08:31.857Z,10.22.226.96,10.186.85.34,341,TCP

2023-01-01T13:09:25.364Z,10.113.248.17,10.129.236.79,301,TCP

2023-01-01T13:10:36.389Z,10.69.92.82,10.156.37.143,359,UDP

2023-01-01T13:10:37.631Z,10.39.180.135,10.186.85.34,0,TCP

2023-01-01T13:11:00.278Z,10.193.166.190,10.170.253.166,787,TCP

2023-01-01T13:12:35.495Z,10.128.129.242,10.186.85.34,1403,TCP

2023-01-01T13:13:12.585Z,10.182.199.46,10.213.223.235,727,TCP

2023-01-01T13:13:21.740Z,10.210.133.1,10.129.236.79,218,TCP

2023-01-01T13:14:50.233Z,10.51.155.52,10.144.14.129,707,TCP

2023-01-01T13:15:35.614Z,10.0.157.37,10.116.75.236,516,TCP

2023-01-01T13:16:58.162Z,10.217.146.186,10.87.115.76,45,TCP

2023-01-01T13:18:32.199Z,10.173.41.25,10.129.236.79,500,TCP

2023-01-01T13:19:53.614Z,10.233.103.192,10.176.179.79,238,TCP

2023-01-01T13:21:32.700Z,10.182.199.46,10.176.179.79,518,TCP

2023-01-01T13:22:38.881Z,10.80.37.140,10.129.236.79,807,TCP

2023-01-01T13:23:41.841Z,10.251.169.213,10.116.75.236,696,UDP

2023-01-01T13:24:33.420Z,10.196.211.9,10.20.53.129,1289,TCP

2023-01-01T13:25:36.036Z,10.55.119.185,10.144.14.129,1138,UDP

2023-01-01T13:26:29.756Z,10.96.193.98,10.87.115.76,853,UDP

2023-01-01T13:27:01.015Z,10.13.161.238,10.129.236.79,940,UDP

2023-01-01T13:27:55.018Z,10.116.75.193,10.144.14.129,980,UDP

2023-01-01T13:29:16.029Z,10.245.183.191,10.144.14.129,159,TCP

2023-01-01T13:29:53.122Z,10.52.38.215,10.239.212.158,756,TCP

2023-01-01T13:30:16.486Z,10.188.169.12,10.87.115.76,478,UDP

2023-01-01T13:31:02.166Z,10.67.30.29,10.116.75.236,127,UDP

2023-01-01T13:31:07.877Z,10.175.177.237,10.116.75.236,361,UDP

2023-01-01T13:31:30.106Z,10.154.168.119,10.144.14.129,372,UDP

2023-01-01T13:32:37.342Z,10.32.48.208,10.106.193.29,523,UDP

2023-01-01T13:33:36.559Z,10.100.79.180,10.156.37.143,813,UDP

2023-01-01T13:34:08.804Z,10.98.200.224,10.186.85.34,653,TCP

2023-01-01T13:34:31.173Z,10.27.244.189,10.116.75.236,754,UDP

2023-01-01T13:34:36.845Z,10.217.66.63,10.144.14.129,1111,TCP

2023-01-01T13:35:36.881Z,10.94.18.147,10.20.53.129,227,TCP

2023-01-01T13:36:49.913Z,10.123.156.76,10.20.53.129,1143,TCP

2023-01-01T13:36:56.202Z,10.87.130.171,10.80.121.143,1192,UDP

2023-01-01T13:37:08.113Z,10.70.87.41,10.80.121.143,70,TCP

2023-01-01T13:37:41.704Z,10.16.230.135,10.116.75.236,502,TCP

2023-01-01T13:37:56.559Z,10.100.41.252,10.129.236.79,1139,UDP

2023-01-01T13:38:33.447Z,10.107.211.85,10.144.14.129,1096,TCP

2023-01-01T13:38:59.411Z,10.142.164.205,10.87.115.76,1458,UDP

2023-01-01T13:40:12.207Z,10.22.97.62,10.129.236.79,411,UDP

2023-01-01T13:40:57.121Z,10.103.116.135,10.129.236.79,1458,TCP

2023-01-01T13:42:19.261Z,10.70.73.26,10.20.53.129,1009,TCP

2023-01-01T13:43:35.467Z,10.212.249.49,10.176.179.79,1222,TCP

2023-01-01T13:44:27.538Z,10.71.35.30,10.186.85.34,1105,UDP

2023-01-01T13:45:13.507Z,10.48.135.175,10.106.193.29,1448,TCP

2023-01-01T13:45:27.305Z,10.210.238.51,10.26.225.61,65,UDP

2023-01-01T13:45:36.158Z,10.128.98.182,10.20.53.129,1494,TCP

2023-01-01T13:47:09.473Z,10.25.105.244,10.20.53.129,151,UDP

2023-01-01T13:48:08.609Z,10.196.211.9,10.20.53.129,1166,TCP

2023-01-01T13:48:43.816Z,10.50.157.37,10.20.53.129,1432,TCP

2023-01-01T13:49:58.216Z,10.56.93.208,10.239.212.158,858,UDP

2023-01-01T13:50:09.069Z,10.140.62.168,10.156.37.143,1433,TCP

2023-01-01T13:51:10.419Z,10.113.248.17,10.20.53.129,1174,TCP

2023-01-01T13:51:47.093Z,10.53.34.202,10.116.75.236,27,UDP

2023-01-01T13:52:44.624Z,10.63.186.200,10.129.236.79,651,UDP

2023-01-01T13:53:12.295Z,10.221.16.207,10.87.115.76,1427,TCP

2023-01-01T13:54:35.626Z,10.3.233.105,10.176.179.79,237,UDP

2023-01-01T13:55:48.195Z,10.235.130.4,10.20.53.129,110,TCP

2023-01-01T13:56:56.036Z,10.134.3.30,10.80.121.143,1325,TCP

2023-01-01T13:57:16.061Z,10.99.85.230,10.129.236.79,382,TCP

2023-01-01T13:58:14.391Z,10.225.143.120,10.129.236.79,752,UDP

2023-01-01T13:58:37.346Z,10.124.236.23,10.176.179.79,1215,TCP

2023-01-01T13:59:18.903Z,10.16.43.47,10.144.14.129,184,UDP

2023-01-01T14:00:03.811Z,10.23.178.206,10.87.115.76,470,TCP

2023-01-01T14:01:25.979Z,10.118.244.206,10.143.95.241,1458,TCP

2023-01-01T14:01:34.944Z,10.138.247.106,10.144.14.129,529,TCP

2023-01-01T14:02:37.130Z,10.214.69.185,10.87.115.76,303,UDP

2023-01-01T14:03:02.348Z,10.154.175.86,10.129.236.79,1231,TCP

2023-01-01T14:03:38.439Z,10.87.130.171,10.156.37.143,494,TCP

2023-01-01T14:04:39.918Z,10.238.164.21,10.57.45.97,623,TCP

2023-01-01T14:04:57.250Z,10.102.178.47,10.186.85.34,11,TCP

2023-01-01T14:06:10.857Z,10.214.152.13,10.239.212.158,1094,TCP

2023-01-01T14:07:15.569Z,10.16.230.135,10.186.85.34,114,TCP

2023-01-01T14:08:31.763Z,10.32.46.46,10.143.95.241,39,TCP

2023-01-01T14:08:54.028Z,10.196.211.9,10.156.37.143,629,UDP

2023-01-01T14:09:43.427Z,10.229.89.112,10.170.253.166,127,TCP

2023-01-01T14:10:09.527Z,10.129.216.217,10.186.85.34,65,TCP

2023-01-01T14:11:20.282Z,10.225.143.120,10.186.85.34,708,TCP

2023-01-01T14:11:52.731Z,10.168.5.214,10.176.179.79,388,TCP

2023-01-01T14:12:01.157Z,10.238.55.49,10.129.236.79,1191,TCP

2023-01-01T14:13:34.023Z,10.249.42.95,10.144.14.129,1336,TCP

2023-01-01T14:14:09.420Z,10.234.185.160,10.116.75.236,559,TCP

2023-01-01T14:15:44.886Z,10.91.232.15,10.87.115.76,728,UDP

2023-01-01T14:16:21.140Z,10.143.23.103,10.87.115.76,1403,TCP

2023-01-01T14:16:21.361Z,10.66.44.28,10.144.14.129,946,UDP

2023-01-01T14:16:36.602Z,10.21.164.240,10.106.193.29,210,UDP

2023-01-01T14:17:50.082Z,10.216.207.190,10.106.193.29,215,TCP

2023-01-01T14:18:10.906Z,10.137.226.60,10.239.212.158,493,TCP

2023-01-01T14:18:33.274Z,10.207.158.222,10.144.14.129,1390,TCP

2023-01-01T14:18:54.134Z,10.133.214.90,10.87.115.76,1192,TCP

2023-01-01T14:19:32.838Z,10.15.234.89,10.80.121.143,784,TCP

2023-01-01T14:20:42.545Z,10.55.119.185,10.87.115.76,297,UDP

2023-01-01T14:21:31.342Z,10.54.243.206,10.186.85.34,812,UDP

2023-01-01T14:22:02.722Z,10.199.100.144,10.156.37.143,813,UDP

2023-01-01T14:22:04.455Z,10.96.193.98,10.87.115.76,1060,TCP

2023-01-01T14:23:28.844Z,10.97.228.61,10.20.53.129,215,TCP

2023-01-01T14:23:59.506Z,10.249.46.163,10.116.75.236,651,TCP

2023-01-01T14:25:18.663Z,10.221.16.207,10.176.179.79,132,UDP

2023-01-01T14:26:05.140Z,10.245.183.191,10.80.121.143,521,TCP

2023-01-01T14:27:11.427Z,10.217.40.69,10.106.193.29,1109,TCP

2023-01-01T14:27:55.797Z,10.100.204.145,10.239.212.158,1283,UDP

2023-01-01T14:29:00.590Z,10.160.28.91,10.116.75.236,942,UDP

2023-01-01T14:29:03.329Z,10.108.235.88,10.80.121.143,208,TCP

2023-01-01T14:29:29.115Z,10.63.155.227,10.20.53.129,1147,UDP

2023-01-01T14:30:04.408Z,10.56.93.208,10.80.121.143,573,UDP

2023-01-01T14:31:36.276Z,10.223.245.40,10.20.53.129,1401,TCP

2023-01-01T14:33:12.860Z,10.99.192.199,10.129.236.79,1399,UDP

2023-01-01T14:34:40.264Z,10.3.233.105,10.106.193.29,1448,UDP

2023-01-01T14:36:06.414Z,10.92.211.205,10.80.121.143,847,UDP

2023-01-01T14:36:52.780Z,10.25.105.244,10.87.115.76,324,UDP

2023-01-01T14:37:43.086Z,10.106.220.17,10.116.75.236,1266,UDP

2023-01-01T14:38:00.737Z,10.204.124.169,10.116.75.236,429,TCP

2023-01-01T14:39:10.881Z,10.99.85.230,10.116.75.236,678,TCP

2023-01-01T14:40:02.905Z,10.168.244.221,10.170.253.166,210,TCP

2023-01-01T14:40:39.858Z,10.108.235.88,10.186.85.34,870,TCP

2023-01-01T14:42:13.817Z,10.233.103.192,10.239.212.158,852,TCP

2023-01-01T14:43:21.745Z,10.78.117.144,10.144.14.129,1414,TCP

2023-01-01T14:43:38.433Z,10.152.1.193,10.116.75.236,6,UDP

2023-01-01T14:44:48.114Z,10.127.112.108,10.87.115.76,1190,UDP

2023-01-01T14:46:05.085Z,10.196.20.116,10.186.85.34,671,TCP

2023-01-01T14:46:23.689Z,10.183.75.130,10.144.14.129,1363,UDP

2023-01-01T14:46:41.084Z,10.246.254.7,10.144.14.129,70,UDP

2023-01-01T14:46:44.937Z,10.218.252.79,10.20.53.129,793,UDP

2023-01-01T14:47:22.901Z,10.56.93.208,10.57.45.97,325,TCP

2023-01-01T14:48:43.334Z,10.245.236.167,10.129.236.79,634,TCP

2023-01-01T14:49:54.926Z,10.99.116.77,10.20.53.129,1234,UDP

2023-01-01T14:51:03.665Z,10.152.227.26,10.80.121.143,281,UDP

2023-01-01T14:52:29.872Z,10.3.123.173,10.156.37.143,591,UDP

2023-01-01T14:53:20.849Z,10.213.145.2,10.176.179.79,696,UDP

2023-01-01T14:54:21.862Z,10.218.252.79,10.144.14.129,52,UDP

2023-01-01T14:55:46.122Z,10.57.164.235,10.186.85.34,1077,UDP

2023-01-01T14:57:14.831Z,10.6.80.23,10.57.45.97,1317,UDP

2023-01-01T14:58:49.209Z,10.246.254.7,10.129.236.79,1439,UDP

2023-01-01T14:59:31.148Z,10.175.121.78,10.129.236.79,705,TCP

2023-01-01T15:00:00.537Z,10.237.43.199,10.186.85.34,661,UDP

2023-01-01T15:01:22.577Z,10.125.28.157,10.80.121.143,1429,UDP

2023-01-01T15:01:32.280Z,10.233.103.192,10.116.75.236,1008,UDP

2023-01-01T15:02:18.735Z,10.216.142.79,10.116.75.236,794,UDP

2023-01-01T15:03:56.745Z,10.169.248.249,10.156.37.143,1242,UDP

2023-01-01T15:05:18.691Z,10.124.236.23,10.106.193.29,1405,TCP

2023-01-01T15:05:21.028Z,10.100.79.180,10.106.193.29,797,TCP

2023-01-01T15:06:04.380Z,10.76.35.137,10.186.85.34,1275,UDP

2023-01-01T15:07:25.625Z,10.138.247.106,10.87.115.76,1296,UDP

2023-01-01T15:08:43.801Z,10.22.226.96,10.26.225.61,301,UDP

2023-01-01T15:09:36.411Z,10.196.211.9,10.80.121.143,996,TCP

2023-01-01T15:09:56.247Z,10.67.30.29,10.116.75.236,1480,TCP

2023-01-01T15:10:53.962Z,10.90.78.254,10.116.75.236,162,UDP

2023-01-01T15:11:31.585Z,10.220.23.227,10.176.179.79,267,UDP

2023-01-01T15:12:11.678Z,10.23.178.206,10.144.14.129,988,UDP

2023-01-01T15:12:45.559Z,10.166.183.201,10.116.75.236,566,TCP

2023-01-01T15:14:19.549Z,10.92.211.205,10.80.121.143,478,TCP

2023-01-01T15:15:03.305Z,10.91.202.54,10.20.53.129,614,TCP

2023-01-01T15:16:06.854Z,10.199.253.230,10.129.236.79,772,UDP

2023-01-01T15:16:06.900Z,10.114.44.17,10.170.253.166,310,TCP

2023-01-01T15:17:20.812Z,10.238.164.21,10.129.236.79,813,TCP

2023-01-01T15:18:59.774Z,10.234.158.145,10.129.236.79,927,UDP

2023-01-01T15:20:00.610Z,10.2.239.215,10.144.14.129,1207,UDP

2023-01-01T15:20:27.683Z,10.215.188.40,10.144.14.129,635,UDP

2023-01-01T15:21:34.235Z,10.214.184.214,10.116.75.236,1301,UDP

2023-01-01T15:22:27.269Z,10.242.203.58,10.176.179.79,612,UDP

2023-01-01T15:23:56.655Z,10.206.7.112,10.20.53.129,1053,UDP

2023-01-01T15:25:14.654Z,10.76.232.63,10.87.115.76,1315,TCP

2023-01-01T15:26:23.292Z,10.187.120.248,10.87.115.76,798,TCP

2023-01-01T15:27:50.529Z,10.199.253.230,10.239.212.158,794,TCP

2023-01-01T15:29:04.175Z,10.174.136.231,10.106.193.29,1261,TCP

2023-01-01T15:30:19.698Z,10.218.252.79,10.87.115.76,734,UDP

2023-01-01T15:31:03.021Z,10.1.56.14,10.176.179.79,1043,TCP

2023-01-01T15:32:19.991Z,10.8.138.228,10.186.85.34,925,TCP

2023-01-01T15:33:16.699Z,10.213.145.2,10.186.85.34,930,UDP

2023-01-01T15:34:47.841Z,10.202.17.51,10.176.179.79,1319,UDP

2023-01-01T15:35:08.964Z,10.177.151.234,10.186.85.34,126,UDP

2023-01-01T15:36:32.022Z,10.192.226.89,10.129.236.79,166,TCP

2023-01-01T15:38:01.566Z,10.116.75.193,10.129.236.79,1427,TCP

2023-01-01T15:39:37.683Z,10.242.203.58,10.116.75.236,1463,UDP

2023-01-01T15:40:54.541Z,10.3.14.28,10.87.115.76,128,TCP

2023-01-01T15:41:41.862Z,10.255.117.218,10.57.45.97,923,UDP

2023-01-01T15:41:52.688Z,10.123.79.40,10.106.193.29,279,TCP

2023-01-01T15:42:18.386Z,10.42.20.106,10.20.53.129,155,UDP

2023-01-01T15:43:45.495Z,10.207.191.139,10.144.14.129,1266,UDP

2023-01-01T15:44:20.937Z,10.143.23.103,10.87.115.76,1150,TCP

2023-01-01T15:45:08.441Z,10.191.206.39,10.57.45.97,386,TCP

2023-01-01T15:46:08.656Z,10.13.161.238,10.186.85.34,1063,TCP

2023-01-01T15:46:48.291Z,10.111.7.113,10.129.236.79,1282,UDP

2023-01-01T15:48:06.603Z,10.215.188.40,10.170.253.166,67,TCP

2023-01-01T15:48:54.222Z,10.53.4.114,10.20.53.129,387,TCP

2023-01-01T15:50:33.623Z,10.10.139.197,10.186.85.34,1222,TCP

2023-01-01T15:51:52.488Z,10.128.98.182,10.129.236.79,650,UDP

2023-01-01T15:52:09.911Z,10.80.71.34,10.176.179.79,818,UDP

2023-01-01T15:52:52.463Z,10.106.54.196,10.116.75.236,325,TCP

2023-01-01T15:54:08.458Z,10.178.9.96,10.213.223.235,768,UDP

2023-01-01T15:55:02.134Z,10.175.177.237,10.106.193.29,1177,UDP

2023-01-01T15:55:35.243Z,10.50.157.37,10.144.14.129,1310,UDP

2023-01-01T15:56:45.336Z,10.100.41.252,10.87.115.76,956,UDP

2023-01-01T15:57:22.538Z,10.104.85.37,10.144.14.129,743,TCP

2023-01-01T15:57:54.743Z,10.234.185.160,10.87.115.76,1308,TCP

2023-01-01T15:58:02.310Z,10.163.193.16,10.239.212.158,196,TCP

2023-01-01T15:58:03.289Z,10.243.177.91,10.20.53.129,679,TCP

2023-01-01T15:58:42.998Z,10.104.85.37,10.20.53.129,585,UDP

2023-01-01T15:59:30.243Z,10.94.221.190,10.26.225.61,550,UDP

2023-01-01T16:00:57.608Z,10.152.1.193,10.144.14.129,181,UDP

2023-01-01T16:02:28.245Z,10.170.40.251,10.87.115.76,1118,TCP

2023-01-01T16:03:44.090Z,10.237.77.142,10.213.223.235,877,TCP

2023-01-01T16:04:58.506Z,10.235.130.4,10.186.85.34,225,TCP

2023-01-01T16:05:56.840Z,10.204.124.169,10.170.253.166,396,UDP

2023-01-01T16:06:20.578Z,10.234.185.160,10.116.75.236,674,TCP

2023-01-01T16:07:27.996Z,10.26.251.181,10.106.193.29,842,TCP

2023-01-01T16:07:47.728Z,10.26.251.181,10.80.121.143,1045,TCP

2023-01-01T16:08:50.497Z,10.134.3.30,10.156.37.143,149,TCP

2023-01-01T16:10:25.961Z,10.192.23.120,10.129.236.79,1044,UDP

2023-01-01T16:10:51.915Z,10.192.7.74,10.186.85.34,1458,TCP

2023-01-01T16:11:34.954Z,10.187.147.219,10.239.212.158,959,TCP

2023-01-01T16:12:50.688Z,10.57.216.34,10.239.212.158,244,UDP

2023-01-01T16:12:57.772Z,10.231.218.238,10.176.179.79,1394,TCP

2023-01-01T16:14:29.162Z,10.85.189.232,10.176.179.79,1395,TCP

2023-01-01T16:15:59.454Z,10.166.199.140,10.129.236.79,821,TCP

2023-01-01T16:16:08.984Z,10.77.167.42,10.156.37.143,6,UDP

2023-01-01T16:17:18.717Z,10.144.115.178,10.144.14.129,167,UDP

2023-01-01T16:18:03.240Z,10.50.160.4,10.80.121.143,344,UDP

2023-01-01T16:18:41.913Z,10.75.208.23,10.143.95.241,377,TCP

2023-01-01T16:20:00.542Z,10.234.183.111,10.20.53.129,291,TCP

2023-01-01T16:20:40.334Z,10.212.249.49,10.156.37.143,601,TCP

2023-01-01T16:21:28.359Z,10.234.158.145,10.144.14.129,1480,TCP

2023-01-01T16:23:02.711Z,10.204.124.169,10.116.75.236,762,TCP

2023-01-01T16:24:12.860Z,10.197.108.77,10.144.14.129,905,UDP

2023-01-01T16:25:00.290Z,10.140.62.168,10.87.115.76,871,UDP

2023-01-01T16:25:55.445Z,10.53.4.114,10.116.75.236,1107,TCP

2023-01-01T16:27:00.260Z,10.212.249.49,10.176.179.79,566,UDP

2023-01-01T16:27:58.631Z,10.234.158.145,10.20.53.129,284,UDP

2023-01-01T16:28:44.155Z,10.17.15.194,10.144.14.129,1002,UDP

2023-01-01T16:28:59.752Z,10.99.96.74,10.87.115.76,1373,TCP

2023-01-01T16:30:21.749Z,10.108.62.187,10.186.85.34,1274,TCP

2023-01-01T16:31:11.813Z,10.94.255.66,10.116.75.236,403,TCP

2023-01-01T16:32:22.386Z,10.6.36.64,10.80.121.143,829,TCP

2023-01-01T16:32:47.527Z,10.1.178.178,10.80.121.143,269,TCP

2023-01-01T16:33:41.353Z,10.214.152.13,10.26.225.61,792,UDP

2023-01-01T16:35:03.270Z,10.94.255.66,10.144.14.129,1182,UDP

2023-01-01T16:35:33.636Z,10.169.248.249,10.156.37.143,1105,UDP

2023-01-01T16:36:35.853Z,10.234.129.7,10.80.121.143,598,TCP

2023-01-01T16:38:07.377Z,10.94.86.118,10.186.85.34,199,UDP

2023-01-01T16:38:19.206Z,10.69.92.82,10.144.14.129,312,TCP

2023-01-01T16:39:32.495Z,10.18.54.64,10.186.85.34,74,UDP

2023-01-01T16:39:38.660Z,10.252.255.1,10.129.236.79,1226,TCP

2023-01-01T16:41:06.767Z,10.204.124.169,10.80.121.143,674,TCP

2023-01-01T16:42:09.704Z,10.140.62.168,10.239.212.158,65,TCP

2023-01-01T16:43:24.595Z,10.141.101.147,10.129.236.79,1183,UDP

2023-01-01T16:43:44.309Z,10.145.101.38,10.186.85.34,759,TCP

2023-01-01T16:44:43.263Z,10.0.9.240,10.186.85.34,158,UDP

2023-01-01T16:45:19.370Z,10.37.238.168,10.176.179.79,714,TCP

2023-01-01T16:45:52.400Z,10.10.139.197,10.87.115.76,1383,UDP

2023-01-01T16:46:27.866Z,10.128.129.242,10.106.193.29,468,UDP

2023-01-01T16:47:46.933Z,10.2.176.255,10.106.193.29,1361,UDP

2023-01-01T16:48:48.489Z,10.105.107.101,10.213.223.235,482,TCP

2023-01-01T16:50:19.970Z,10.17.15.194,10.80.121.143,1403,TCP

2023-01-01T16:51:51.481Z,10.160.167.94,10.20.53.129,188,TCP

2023-01-01T16:52:04.192Z,10.44.250.68,10.186.85.34,801,TCP

2023-01-01T16:53:14.380Z,10.154.179.222,10.239.212.158,1046,TCP

2023-01-01T16:53:59.475Z,10.216.88.184,10.116.75.236,799,UDP

2023-01-01T16:54:25.358Z,10.99.116.77,10.239.212.158,789,TCP

2023-01-01T16:55:45.434Z,10.221.16.207,10.239.212.158,1325,TCP

2023-01-01T16:56:41.125Z,10.229.89.112,10.144.14.129,1156,UDP

2023-01-01T16:57:37.084Z,10.123.0.131,10.87.115.76,428,TCP

2023-01-01T16:57:51.376Z,10.108.62.187,10.156.37.143,1061,TCP

2023-01-01T16:58:42.291Z,10.73.233.216,10.26.225.61,1264,UDP

2023-01-01T16:59:55.411Z,10.110.191.104,10.87.115.76,1210,TCP

2023-01-01T17:00:37.601Z,10.68.24.215,10.106.193.29,587,UDP

2023-01-01T17:01:25.134Z,10.77.167.42,10.129.236.79,1095,UDP

2023-01-01T17:01:53.047Z,10.21.164.240,10.57.45.97,607,TCP

2023-01-01T17:02:44.913Z,10.213.145.2,10.20.53.129,1062,UDP

2023-01-01T17:04:16.196Z,10.41.143.137,10.116.75.236,862,TCP

2023-01-01T17:04:57.107Z,10.237.43.199,10.106.193.29,122,TCP

2023-01-01T17:06:33.447Z,10.164.115.234,10.129.236.79,64,UDP

2023-01-01T17:06:40.707Z,10.199.244.6,10.129.236.79,262,UDP

2023-01-01T17:07:50.804Z,10.160.193.123,10.116.75.236,266,TCP

2023-01-01T17:08:28.984Z,10.113.114.22,10.116.75.236,98,UDP

2023-01-01T17:08:43.406Z,10.105.102.80,10.57.45.97,732,TCP

2023-01-01T17:08:46.547Z,10.113.248.17,10.186.85.34,483,TCP

2023-01-01T17:09:23.393Z,10.22.226.96,10.87.115.76,277,UDP

2023-01-01T17:10:33.690Z,10.103.116.135,10.144.14.129,571,UDP

2023-01-01T17:11:05.107Z,10.170.40.251,10.170.253.166,1148,TCP

2023-01-01T17:12:30.646Z,10.88.59.137,10.129.236.79,350,UDP

2023-01-01T17:13:30.923Z,10.10.139.197,10.87.115.76,385,UDP

2023-01-01T17:14:53.074Z,10.6.36.64,10.129.236.79,1455,UDP

2023-01-01T17:15:56.704Z,10.97.190.117,10.239.212.158,643,TCP

2023-01-01T17:16:44.705Z,10.3.123.173,10.87.115.76,695,UDP

2023-01-01T17:17:00.517Z,10.88.59.137,10.144.14.129,1444,UDP

2023-01-01T17:17:58.197Z,10.97.190.117,10.80.121.143,265,TCP

2023-01-01T17:18:08.435Z,10.187.120.248,10.20.53.129,1005,UDP

2023-01-01T17:19:25.321Z,10.100.204.145,10.239.212.158,404,UDP

2023-01-01T17:20:28.707Z,10.53.34.202,10.239.212.158,707,TCP

2023-01-01T17:20:29.119Z,10.17.36.13,10.239.212.158,739,UDP

2023-01-01T17:21:01.862Z,10.223.135.83,10.239.212.158,1401,UDP

2023-01-01T17:21:19.599Z,10.125.28.157,10.106.193.29,1391,UDP

2023-01-01T17:22:08.135Z,10.50.157.37,10.57.45.97,750,TCP

2023-01-01T17:23:43.166Z,10.76.35.137,10.129.236.79,175,UDP

2023-01-01T17:23:59.196Z,10.41.143.137,10.20.53.129,1232,TCP

2023-01-01T17:24:33.236Z,10.202.17.51,10.57.45.97,1102,UDP

2023-01-01T17:25:54.031Z,10.235.77.157,10.186.85.34,148,UDP

2023-01-01T17:27:17.345Z,10.94.86.118,10.176.179.79,1276,UDP

2023-01-01T17:27:39.064Z,10.57.177.43,10.106.193.29,982,TCP

2023-01-01T17:28:23.701Z,10.214.184.214,10.144.14.129,739,UDP

2023-01-01T17:28:30.337Z,10.166.199.140,10.143.95.241,148,UDP

2023-01-01T17:28:54.238Z,10.185.146.221,10.80.121.143,542,UDP

2023-01-01T17:29:09.839Z,10.10.111.85,10.239.212.158,1360,UDP

2023-01-01T17:30:17.605Z,10.234.185.117,10.129.236.79,335,TCP

2023-01-01T17:30:52.622Z,10.104.79.58,10.80.121.143,712,UDP

2023-01-01T17:32:10.925Z,10.199.244.6,10.20.53.129,845,UDP

2023-01-01T17:33:25.139Z,10.193.166.190,10.57.45.97,496,UDP

2023-01-01T17:34:27.336Z,10.234.185.160,10.20.53.129,1370,UDP

2023-01-01T17:35:58.821Z,10.152.227.26,10.239.212.158,1029,UDP

2023-01-01T17:37:11.330Z,10.100.5.171,10.176.179.79,1078,UDP

2023-01-01T17:38:07.629Z,10.87.30.242,10.87.115.76,292,TCP

2023-01-01T17:38:49.330Z,10.185.31.50,10.144.14.129,756,UDP

2023-01-01T17:39:38.244Z,10.199.244.6,10.87.115.76,19,UDP

2023-01-01T17:41:04.361Z,10.51.155.52,10.20.53.129,441,UDP

2023-01-01T17:41:16.073Z,10.66.44.28,10.186.85.34,432,UDP

2023-01-01T17:41:54.873Z,10.132.143.5,10.80.121.143,977,TCP

2023-01-01T17:42:16.846Z,10.154.179.222,10.129.236.79,293,UDP

2023-01-01T17:42:58.768Z,10.222.160.22,10.144.14.129,390,TCP

2023-01-01T17:44:06.525Z,10.66.44.28,10.80.121.143,912,UDP

2023-01-01T17:45:27.346Z,10.97.228.61,10.213.223.235,1064,TCP

2023-01-01T17:46:15.426Z,10.203.178.169,10.144.14.129,594,TCP

2023-01-01T17:47:21.139Z,10.98.113.23,10.239.212.158,281,TCP

2023-01-01T17:48:34.497Z,10.77.167.42,10.156.37.143,849,UDP

2023-01-01T17:49:54.388Z,10.177.151.234,10.213.223.235,729,TCP

2023-01-01T17:50:30.800Z,10.26.251.181,10.129.236.79,1155,UDP

2023-01-01T17:50:52.953Z,10.98.200.224,10.80.121.143,813,TCP

2023-01-01T17:51:57.028Z,10.243.60.64,10.129.236.79,544,TCP

2023-01-01T17:52:30.211Z,10.123.0.131,10.116.75.236,121,UDP

2023-01-01T17:53:47.086Z,10.17.115.186,10.20.53.129,1136,TCP

2023-01-01T17:54:00.561Z,10.108.62.187,10.80.121.143,927,TCP

2023-01-01T17:55:26.358Z,10.63.26.196,10.129.236.79,906,UDP

2023-01-01T17:56:42.897Z,10.239.250.58,10.176.179.79,1064,UDP

2023-01-01T17:56:55.265Z,10.193.166.190,10.57.45.97,1188,UDP

2023-01-01T17:57:50.368Z,10.100.79.180,10.80.121.143,398,UDP

2023-01-01T17:57:54.990Z,10.166.199.140,10.186.85.34,121,TCP

2023-01-01T17:59:19.035Z,10.206.9.24,10.176.179.79,265,TCP

2023-01-01T17:59:22.338Z,10.57.177.43,10.57.45.97,1312,UDP

2023-01-01T18:00:08.300Z,10.202.82.239,10.116.75.236,112,UDP

2023-01-01T18:00:43.485Z,10.0.9.240,10.176.179.79,230,TCP

2023-01-01T18:01:28.626Z,10.163.126.176,10.213.223.235,977,TCP

2023-01-01T18:02:41.808Z,10.143.137.51,10.20.53.129,175,TCP

2023-01-01T18:03:08.666Z,10.234.185.117,10.116.75.236,36,TCP

2023-01-01T18:04:35.876Z,10.96.193.98,10.144.14.129,1276,TCP

2023-01-01T18:05:29.088Z,10.52.38.215,10.80.121.143,801,TCP

2023-01-01T18:06:20.745Z,10.135.28.69,10.129.236.79,85,TCP

2023-01-01T18:07:34.199Z,10.2.176.255,10.156.37.143,1447,UDP

2023-01-01T18:08:47.556Z,10.213.145.2,10.87.115.76,327,UDP

2023-01-01T18:09:51.845Z,10.67.30.29,10.20.53.129,947,TCP

2023-01-01T18:10:49.555Z,10.36.53.210,10.144.14.129,831,UDP

2023-01-01T18:12:00.484Z,10.10.139.197,10.80.121.143,806,UDP

2023-01-01T18:12:55.616Z,10.141.101.147,10.80.121.143,1492,TCP

2023-01-01T18:13:08.529Z,10.103.116.135,10.156.37.143,837,UDP

2023-01-01T18:13:56.338Z,10.167.65.5,10.239.212.158,380,UDP

2023-01-01T18:14:05.719Z,10.99.206.181,10.20.53.129,1060,UDP

2023-01-01T18:15:04.282Z,10.164.248.186,10.80.121.143,409,TCP

2023-01-01T18:15:32.928Z,10.18.4.214,10.186.85.34,368,TCP

2023-01-01T18:17:04.672Z,10.227.47.209,10.239.212.158,1252,UDP

2023-01-01T18:17:16.724Z,10.123.79.40,10.186.85.34,413,UDP

2023-01-01T18:17:58.316Z,10.71.129.52,10.20.53.129,675,UDP

2023-01-01T18:19:12.580Z,10.75.208.23,10.80.121.143,167,UDP

2023-01-01T18:20:42.617Z,10.103.116.135,10.106.193.29,921,TCP

2023-01-01T18:20:52.437Z,10.160.167.94,10.106.193.29,1109,TCP

2023-01-01T18:22:19.081Z,10.160.222.192,10.213.223.235,267,UDP

2023-01-01T18:22:51.513Z,10.57.216.34,10.26.225.61,765,UDP

2023-01-01T18:22:53.422Z,10.194.246.196,10.176.179.79,1255,UDP

2023-01-01T18:24:14.195Z,10.199.100.144,10.239.212.158,516,TCP

2023-01-01T18:24:43.551Z,10.222.160.22,10.170.253.166,405,UDP

2023-01-01T18:25:39.853Z,10.245.236.167,10.186.85.34,172,TCP

2023-01-01T18:26:00.991Z,10.98.200.224,10.87.115.76,869,UDP

2023-01-01T18:27:07.411Z,10.43.41.84,10.186.85.34,1381,UDP

2023-01-01T18:28:09.514Z,10.88.59.137,10.116.75.236,779,UDP

2023-01-01T18:29:47.667Z,10.99.206.181,10.129.236.79,268,TCP

2023-01-01T18:31:25.199Z,10.199.244.6,10.144.14.129,243,TCP

2023-01-01T18:32:54.272Z,10.133.71.161,10.170.253.166,218,TCP

2023-01-01T18:33:52.297Z,10.1.56.14,10.116.75.236,762,UDP

2023-01-01T18:33:52.624Z,10.103.4.239,10.156.37.143,381,UDP

2023-01-01T18:35:05.206Z,10.18.4.214,10.239.212.158,726,UDP

2023-01-01T18:35:33.436Z,10.53.4.114,10.129.236.79,1203,TCP

2023-01-01T18:37:05.928Z,10.1.120.233,10.129.236.79,1226,UDP

2023-01-01T18:37:08.353Z,10.214.152.13,10.80.121.143,702,TCP

2023-01-01T18:37:19.482Z,10.187.21.112,10.129.236.79,2,TCP

2023-01-01T18:38:47.116Z,10.245.236.167,10.57.45.97,1340,TCP

2023-01-01T18:39:42.549Z,10.109.200.246,10.144.14.129,1384,UDP

2023-01-01T18:40:44.835Z,10.193.89.57,10.176.179.79,1414,TCP

2023-01-01T18:42:17.111Z,10.226.209.176,10.87.115.76,1414,UDP

2023-01-01T18:43:18.568Z,10.22.90.241,10.156.37.143,1448,UDP

2023-01-01T18:43:29.222Z,10.247.40.238,10.20.53.129,1084,TCP

2023-01-01T18:44:29.418Z,10.88.59.137,10.106.193.29,971,TCP

2023-01-01T18:46:09.361Z,10.111.7.113,10.129.236.79,176,TCP

2023-01-01T18:47:45.218Z,10.12.15.41,10.20.53.129,184,TCP

2023-01-01T18:48:42.301Z,10.53.34.202,10.57.45.97,194,TCP

2023-01-01T18:49:46.407Z,10.234.129.7,10.170.253.166,1010,TCP

2023-01-01T18:50:27.558Z,10.78.117.144,10.87.115.76,780,TCP

2023-01-01T18:50:37.186Z,10.174.136.231,10.106.193.29,273,TCP

2023-01-01T18:50:40.072Z,10.118.244.206,10.80.121.143,136,UDP

2023-01-01T18:50:57.167Z,10.24.76.77,10.129.236.79,1441,UDP

2023-01-01T18:51:47.443Z,10.15.234.89,10.80.121.143,1101,TCP

2023-01-01T18:53:23.364Z,10.63.26.196,10.129.236.79,1182,UDP

2023-01-01T18:53:46.830Z,10.247.40.238,10.106.193.29,1144,UDP

2023-01-01T18:53:50.548Z,10.108.62.187,10.186.85.34,40,TCP

2023-01-01T18:54:10.618Z,10.116.75.193,10.106.193.29,649,UDP

2023-01-01T18:54:52.322Z,10.110.199.163,10.26.225.61,1408,UDP

2023-01-01T18:55:34.333Z,10.43.41.84,10.20.53.129,1127,TCP

2023-01-01T18:56:13.210Z,10.205.151.63,10.80.121.143,241,TCP

2023-01-01T18:57:07.057Z,10.135.24.18,10.20.53.129,1057,UDP

2023-01-01T18:58:42.099Z,10.206.7.112,10.186.85.34,543,TCP

2023-01-01T19:00:09.125Z,10.102.178.47,10.186.85.34,140,TCP

2023-01-01T19:00:53.191Z,10.134.3.30,10.80.121.143,1164,UDP

2023-01-01T19:01:13.073Z,10.91.202.54,10.87.115.76,236,UDP

2023-01-01T19:01:27.233Z,10.54.48.98,10.186.85.34,252,TCP

2023-01-01T19:01:39.146Z,10.160.193.123,10.213.223.235,342,UDP

2023-01-01T19:01:56.506Z,10.56.93.208,10.87.115.76,939,UDP

2023-01-01T19:02:48.036Z,10.22.90.241,10.129.236.79,486,UDP

2023-01-01T19:03:34.779Z,10.54.48.98,10.156.37.143,909,TCP

2023-01-01T19:04:15.503Z,10.69.124.170,10.87.115.76,592,TCP

2023-01-01T19:04:18.370Z,10.235.47.100,10.80.121.143,178,UDP

2023-01-01T19:05:32.852Z,10.192.23.120,10.170.253.166,307,UDP

2023-01-01T19:05:43.221Z,10.192.226.89,10.116.75.236,1416,UDP

2023-01-01T19:06:42.132Z,10.71.35.30,10.106.193.29,663,TCP

2023-01-01T19:07:02.153Z,10.32.46.46,10.170.253.166,27,UDP

2023-01-01T19:08:30.267Z,10.155.95.138,10.106.193.29,1189,UDP

2023-01-01T19:08:44.942Z,10.53.34.202,10.116.75.236,115,TCP

2023-01-01T19:08:59.667Z,10.151.165.100,10.156.37.143,349,UDP

2023-01-01T19:10:22.916Z,10.73.123.106,10.106.193.29,622,TCP

2023-01-01T19:11:45.151Z,10.70.87.41,10.116.75.236,63,TCP

2023-01-01T19:12:41.242Z,10.97.228.61,10.116.75.236,774,UDP

2023-01-01T19:12:57.413Z,10.143.23.103,10.143.95.241,1094,UDP

2023-01-01T19:13:03.681Z,10.86.112.115,10.20.53.129,1424,TCP

2023-01-01T19:13:06.702Z,10.1.120.233,10.213.223.235,1173,TCP

2023-01-01T19:14:00.541Z,10.11.202.46,10.80.121.143,331,UDP

2023-01-01T19:15:19.242Z,10.105.107.101,10.116.75.236,1266,UDP

2023-01-01T19:16:08.245Z,10.63.155.227,10.20.53.129,72,UDP

2023-01-01T19:16:10.912Z,10.235.77.157,10.143.95.241,164,TCP

2023-01-01T19:17:01.216Z,10.79.55.111,10.129.236.79,1022,TCP

2023-01-01T19:18:20.830Z,10.22.226.96,10.80.121.143,838,TCP

2023-01-01T19:19:57.228Z,10.207.71.243,10.129.236.79,969,UDP

2023-01-01T19:20:39.400Z,10.71.129.52,10.129.236.79,617,UDP

2023-01-01T19:22:08.292Z,10.166.199.140,10.129.236.79,1380,TCP

2023-01-01T19:23:28.039Z,10.102.178.47,10.20.53.129,848,UDP

2023-01-01T19:25:07.567Z,10.206.7.112,10.129.236.79,611,UDP

2023-01-01T19:25:56.499Z,10.68.25.99,10.87.115.76,1030,UDP

2023-01-01T19:26:34.237Z,10.1.178.178,10.87.115.76,447,UDP

2023-01-01T19:26:54.857Z,10.71.35.30,10.129.236.79,1263,UDP

2023-01-01T19:28:27.941Z,10.185.31.50,10.20.53.129,1195,TCP

2023-01-01T19:29:37.061Z,10.229.89.112,10.20.53.129,538,UDP

2023-01-01T19:30:32.805Z,10.125.28.157,10.106.193.29,673,TCP

2023-01-01T19:32:06.734Z,10.195.108.171,10.80.121.143,763,UDP

2023-01-01T19:32:37.707Z,10.234.158.145,10.176.179.79,100,TCP

2023-01-01T19:32:54.098Z,10.124.164.221,10.186.85.34,1469,UDP

2023-01-01T19:34:26.338Z,10.32.46.46,10.80.121.143,821,UDP

2023-01-01T19:35:45.772Z,10.104.79.58,10.116.75.236,1177,TCP

2023-01-01T19:37:08.483Z,10.217.146.186,10.57.45.97,881,TCP

2023-01-01T19:37:10.011Z,10.37.238.168,10.186.85.34,788,UDP

2023-01-01T19:38:34.555Z,10.60.55.99,10.87.115.76,100,UDP

2023-01-01T19:39:49.422Z,10.175.121.78,10.129.236.79,515,UDP

2023-01-01T19:40:59.984Z,10.51.169.129,10.87.115.76,428,TCP

2023-01-01T19:42:28.974Z,10.32.106.48,10.213.223.235,1175,TCP

2023-01-01T19:44:05.653Z,10.113.86.14,10.106.193.29,785,UDP

2023-01-01T19:44:40.256Z,10.152.1.193,10.143.95.241,153,TCP

2023-01-01T19:45:15.068Z,10.13.161.238,10.80.121.143,1238,TCP

2023-01-01T19:46:46.117Z,10.232.124.94,10.186.85.34,492,TCP

2023-01-01T19:47:20.475Z,10.210.133.1,10.156.37.143,444,TCP

2023-01-01T19:47:52.741Z,10.80.71.34,10.239.212.158,458,TCP

2023-01-01T19:48:56.697Z,10.235.47.100,10.87.115.76,831,TCP

2023-01-01T19:49:10.324Z,10.233.210.3,10.144.14.129,1125,UDP

2023-01-01T19:49:18.422Z,10.51.169.129,10.116.75.236,89,UDP

2023-01-01T19:50:30.196Z,10.237.77.142,10.186.85.34,995,TCP

2023-01-01T19:51:06.545Z,10.203.173.239,10.143.95.241,926,TCP

2023-01-01T19:51:19.328Z,10.134.200.43,10.80.121.143,863,UDP

2023-01-01T19:52:49.190Z,10.133.71.161,10.26.225.61,548,UDP

2023-01-01T19:54:15.323Z,10.92.211.205,10.116.75.236,1121,UDP

2023-01-01T19:55:21.960Z,10.73.233.216,10.116.75.236,1064,UDP

2023-01-01T19:56:16.945Z,10.192.83.135,10.80.121.143,1425,UDP

2023-01-01T19:56:24.820Z,10.53.34.202,10.176.179.79,148,UDP

2023-01-01T19:56:31.737Z,10.108.62.187,10.239.212.158,581,UDP

2023-01-01T19:57:50.393Z,10.60.233.90,10.170.253.166,706,TCP

2023-01-01T19:59:27.339Z,10.57.216.34,10.116.75.236,180,TCP

2023-01-01T20:00:20.914Z,10.206.7.112,10.80.121.143,1143,UDP

2023-01-01T20:00:38.687Z,10.199.244.6,10.129.236.79,497,TCP

2023-01-01T20:01:45.915Z,10.105.68.196,10.80.121.143,747,UDP

2023-01-01T20:02:08.918Z,10.205.151.63,10.156.37.143,1,UDP

2023-01-01T20:03:15.233Z,10.133.214.90,10.144.14.129,321,UDP

2023-01-01T20:04:06.251Z,10.166.183.201,10.144.14.129,546,UDP

2023-01-01T20:05:31.582Z,10.153.84.200,10.116.75.236,188,TCP

2023-01-01T20:06:26.271Z,10.119.231.3,10.129.236.79,1354,UDP

2023-01-01T20:07:47.584Z,10.206.7.112,10.87.115.76,861,UDP

2023-01-01T20:08:12.119Z,10.75.208.23,10.87.115.76,7,TCP

2023-01-01T20:09:30.597Z,10.99.85.230,10.144.14.129,1389,UDP

2023-01-01T20:10:45.979Z,10.186.90.75,10.87.115.76,971,TCP

2023-01-01T20:11:22.600Z,10.196.20.116,10.80.121.143,761,TCP

2023-01-01T20:12:10.703Z,10.207.71.243,10.57.45.97,1302,UDP

2023-01-01T20:13:17.370Z,10.162.252.229,10.80.121.143,582,UDP

2023-01-01T20:14:00.717Z,10.99.85.230,10.129.236.79,1022,TCP

2023-01-01T20:15:39.523Z,10.111.7.113,10.26.225.61,8,TCP

2023-01-01T20:15:46.851Z,10.237.95.96,10.144.14.129,1207,TCP

2023-01-01T20:16:31.383Z,10.32.46.46,10.116.75.236,150,TCP

2023-01-01T20:17:11.588Z,10.86.222.59,10.213.223.235,24,TCP

2023-01-01T20:17:29.019Z,10.191.206.39,10.239.212.158,770,UDP

2023-01-01T20:19:07.115Z,10.23.180.34,10.144.14.129,621,UDP

2023-01-01T20:19:52.778Z,10.26.251.181,10.80.121.143,588,TCP

2023-01-01T20:20:57.761Z,10.73.123.106,10.170.253.166,2,UDP

2023-01-01T20:21:45.924Z,10.69.180.183,10.213.223.235,583,UDP

2023-01-01T20:22:54.400Z,10.230.69.186,10.106.193.29,267,TCP

2023-01-01T20:24:14.472Z,10.151.165.100,10.106.193.29,602,UDP

2023-01-01T20:24:41.567Z,10.70.73.26,10.87.115.76,990,TCP

2023-01-01T20:26:12.806Z,10.122.186.20,10.170.253.166,1028,UDP

2023-01-01T20:26:16.280Z,10.94.255.66,10.156.37.143,91,UDP

2023-01-01T20:26:33.370Z,10.16.43.47,10.116.75.236,996,TCP

2023-01-01T20:27:56.437Z,10.57.216.34,10.87.115.76,359,TCP

2023-01-01T20:29:20.931Z,10.168.5.214,10.87.115.76,1188,UDP

2023-01-01T20:30:34.231Z,10.62.86.219,10.116.75.236,1242,TCP

2023-01-01T20:31:40.123Z,10.197.108.77,10.87.115.76,696,UDP

2023-01-01T20:33:01.042Z,10.160.193.123,10.129.236.79,1307,TCP

2023-01-01T20:34:12.053Z,10.215.34.11,10.143.95.241,70,TCP

2023-01-01T20:34:22.715Z,10.206.7.112,10.26.225.61,451,UDP

2023-01-01T20:35:40.122Z,10.123.0.131,10.87.115.76,1189,TCP

2023-01-01T20:36:10.809Z,10.188.169.12,10.20.53.129,55,TCP

2023-01-01T20:36:38.727Z,10.113.114.22,10.116.75.236,850,UDP

2023-01-01T20:37:01.563Z,10.230.69.186,10.87.115.76,1182,UDP

2023-01-01T20:38:04.754Z,10.7.114.147,10.116.75.236,785,UDP

2023-01-01T20:38:55.657Z,10.43.41.84,10.186.85.34,174,TCP

2023-01-01T20:40:33.734Z,10.183.35.30,10.87.115.76,1330,TCP

2023-01-01T20:40:55.255Z,10.23.178.206,10.116.75.236,420,UDP

2023-01-01T20:42:21.451Z,10.113.114.22,10.186.85.34,1203,UDP

2023-01-01T20:43:14.375Z,10.45.249.238,10.129.236.79,7,TCP

2023-01-01T20:44:10.122Z,10.37.207.42,10.116.75.236,1141,UDP

2023-01-01T20:44:29.498Z,10.246.254.7,10.143.95.241,502,UDP

2023-01-01T20:45:41.415Z,10.235.77.157,10.57.45.97,30,UDP

2023-01-01T20:46:50.523Z,10.1.75.149,10.106.193.29,821,UDP

2023-01-01T20:47:04.130Z,10.37.238.168,10.116.75.236,1185,TCP

2023-01-01T20:47:55.749Z,10.207.158.222,10.116.75.236,378,UDP

2023-01-01T20:49:34.825Z,10.3.164.80,10.129.236.79,517,UDP

2023-01-01T20:50:12.951Z,10.149.206.171,10.80.121.143,492,TCP

2023-01-01T20:51:07.637Z,10.11.129.235,10.116.75.236,12,UDP

2023-01-01T20:51:55.061Z,10.22.226.96,10.144.14.129,825,UDP

2023-01-01T20:52:45.185Z,10.200.136.92,10.80.121.143,1434,TCP

2023-01-01T20:53:40.449Z,10.37.238.168,10.129.236.79,678,UDP

2023-01-01T20:55:18.199Z,10.255.117.218,10.80.121.143,1140,TCP

2023-01-01T20:56:09.220Z,10.249.42.95,10.213.223.235,260,UDP

2023-01-01T20:56:56.036Z,10.60.55.99,10.186.85.34,1105,UDP

2023-01-01T20:57:30.164Z,10.99.85.230,10.14.153.194,1231,UDP

2023-01-01T20:58:16.112Z,10.7.114.147,10.116.75.236,937,UDP

2023-01-01T20:58:47.448Z,10.50.160.4,10.129.236.79,910,UDP

2023-01-01T21:00:00.415Z,10.170.215.121,10.116.75.236,883,UDP

2023-01-01T21:00:06.421Z,10.192.83.135,10.106.193.29,781,TCP

2023-01-01T21:00:51.884Z,10.252.255.1,10.144.14.129,16,TCP

2023-01-01T21:02:16.358Z,10.167.210.7,10.239.212.158,943,TCP

2023-01-01T21:02:45.899Z,10.214.152.13,10.186.85.34,459,UDP

2023-01-01T21:03:37.977Z,10.97.190.117,10.143.95.241,868,TCP

2023-01-01T21:03:42.807Z,10.1.120.233,10.186.85.34,1101,UDP

2023-01-01T21:04:05.418Z,10.163.193.16,10.20.53.129,213,TCP

2023-01-01T21:05:23.071Z,10.237.77.142,10.20.53.129,718,UDP

2023-01-01T21:06:54.334Z,10.45.79.220,10.106.193.29,621,TCP

2023-01-01T21:08:19.140Z,10.137.226.60,10.129.236.79,669,TCP

2023-01-01T21:09:57.980Z,10.217.40.69,10.144.14.129,880,UDP

2023-01-01T21:11:19.992Z,10.36.53.210,10.80.121.143,256,TCP

2023-01-01T21:12:43.911Z,10.135.24.18,10.156.37.143,297,UDP

2023-01-01T21:14:06.009Z,10.75.208.23,10.87.115.76,1430,TCP

2023-01-01T21:15:26.995Z,10.151.165.100,10.80.121.143,751,UDP

2023-01-01T21:15:43.457Z,10.192.73.27,10.186.85.34,1286,TCP

2023-01-01T21:16:07.752Z,10.255.114.1,10.129.236.79,206,UDP

2023-01-01T21:16:20.756Z,10.105.68.196,10.186.85.34,1356,TCP

2023-01-01T21:16:51.996Z,10.108.62.187,10.116.75.236,678,UDP

2023-01-01T21:17:18.929Z,10.232.124.94,10.144.14.129,206,UDP

2023-01-01T21:17:43.420Z,10.22.97.62,10.80.121.143,142,TCP

2023-01-01T21:19:08.381Z,10.105.68.196,10.144.14.129,959,UDP

2023-01-01T21:20:18.681Z,10.123.79.40,10.186.85.34,946,TCP

2023-01-01T21:20:27.365Z,10.155.95.138,10.80.121.143,1488,UDP

2023-01-01T21:21:51.405Z,10.10.33.9,10.144.14.129,102,UDP

2023-01-01T21:23:01.710Z,10.123.156.76,10.170.253.166,1357,TCP

2023-01-01T21:24:14.157Z,10.123.156.76,10.80.121.143,1455,TCP

2023-01-01T21:24:48.591Z,10.57.164.235,10.20.53.129,799,UDP

2023-01-01T21:25:09.741Z,10.237.77.142,10.144.14.129,252,UDP

2023-01-01T21:25:43.494Z,10.207.158.222,10.87.115.76,924,UDP

2023-01-01T21:26:53.526Z,10.188.169.12,10.143.95.241,894,UDP

2023-01-01T21:28:09.518Z,10.11.129.235,10.186.85.34,1247,TCP

2023-01-01T21:28:10.922Z,10.77.167.42,10.156.37.143,75,UDP

2023-01-01T21:29:31.429Z,10.187.21.112,10.176.179.79,103,UDP

2023-01-01T21:30:12.645Z,10.113.114.22,10.143.95.241,740,TCP

2023-01-01T21:31:42.251Z,10.140.194.130,10.129.236.79,215,TCP

2023-01-01T21:31:46.255Z,10.226.209.176,10.176.179.79,725,TCP

2023-01-01T21:33:26.153Z,10.151.165.100,10.129.236.79,393,TCP

2023-01-01T21:34:12.155Z,10.249.57.247,10.20.53.129,1467,UDP

2023-01-01T21:34:31.010Z,10.57.177.43,10.87.115.76,169,UDP

2023-01-01T21:35:37.438Z,10.99.85.230,10.116.75.236,1167,UDP

2023-01-01T21:37:07.299Z,10.10.139.197,10.87.115.76,716,TCP

2023-01-01T21:38:40.579Z,10.245.236.167,10.80.121.143,209,UDP

2023-01-01T21:39:06.662Z,10.87.23.77,10.129.236.79,1296,TCP

2023-01-01T21:40:13.439Z,10.51.155.52,10.26.225.61,955,TCP

2023-01-01T21:40:45.485Z,10.155.95.138,10.116.75.236,866,TCP

2023-01-01T21:41:02.178Z,10.196.20.116,10.186.85.34,158,UDP

2023-01-01T21:42:23.426Z,10.114.44.17,10.144.14.129,1455,UDP

2023-01-01T21:43:23.547Z,10.207.71.243,10.156.37.143,375,TCP

2023-01-01T21:43:30.903Z,10.120.226.52,10.156.37.143,229,UDP

2023-01-01T21:44:51.439Z,10.99.96.74,10.57.45.97,879,TCP

2023-01-01T21:45:26.783Z,10.57.164.235,10.144.14.129,815,TCP

2023-01-01T21:45:35.886Z,10.7.114.147,10.144.14.129,463,TCP

2023-01-01T21:46:22.900Z,10.90.78.254,10.20.53.129,739,UDP

2023-01-01T21:48:01.096Z,10.155.247.28,10.20.53.129,236,TCP

2023-01-01T21:48:19.372Z,10.214.69.185,10.186.85.34,691,UDP

2023-01-01T21:48:55.169Z,10.245.236.167,10.87.115.76,1374,TCP

2023-01-01T21:49:35.585Z,10.69.124.170,10.87.115.76,706,UDP

2023-01-01T21:51:06.731Z,10.53.34.202,10.106.193.29,157,UDP

2023-01-01T21:51:53.120Z,10.155.247.28,10.156.37.143,1073,UDP

2023-01-01T21:52:51.767Z,10.239.250.58,10.57.45.97,234,TCP

2023-01-01T21:53:53.217Z,10.196.211.9,10.186.85.34,592,UDP

2023-01-01T21:53:53.247Z,10.97.228.61,10.116.75.236,9,UDP

2023-01-01T21:54:59.232Z,10.170.215.121,10.20.53.129,381,TCP

2023-01-01T21:56:08.765Z,10.94.57.51,10.87.115.76,3,TCP

2023-01-01T21:57:30.563Z,10.22.226.96,10.87.115.76,1364,TCP

2023-01-01T21:57:45.124Z,10.35.253.141,10.87.115.76,501,TCP

2023-01-01T21:59:18.750Z,10.77.167.42,10.87.115.76,540,TCP

2023-01-01T21:59:59.686Z,10.203.178.169,10.186.85.34,1044,UDP

2023-01-01T22:01:05.069Z,10.75.208.23,10.106.193.29,1415,TCP

2023-01-01T22:01:51.735Z,10.113.114.22,10.106.193.29,1230,TCP

2023-01-01T22:02:26.537Z,10.86.112.115,10.170.253.166,1328,UDP

2023-01-01T22:04:04.218Z,10.226.209.176,10.116.75.236,625,UDP

2023-01-01T22:05:37.262Z,10.10.111.85,10.106.193.29,210,TCP

2023-01-01T22:07:06.845Z,10.80.37.140,10.20.53.129,200,UDP

2023-01-01T22:08:28.465Z,10.97.190.117,10.176.179.79,949,UDP

2023-01-01T22:09:28.209Z,10.234.183.111,10.80.121.143,445,UDP

2023-01-01T22:10:53.443Z,10.196.20.116,10.87.115.76,1177,TCP

2023-01-01T22:11:12.651Z,10.251.169.213,10.186.85.34,375,UDP

2023-01-01T22:12:45.072Z,10.85.189.232,10.170.253.166,380,UDP

2023-01-01T22:12:49.420Z,10.206.7.112,10.170.253.166,1166,TCP

2023-01-01T22:13:49.292Z,10.99.192.199,10.129.236.79,101,TCP

2023-01-01T22:15:22.837Z,10.79.55.111,10.129.236.79,1108,TCP

2023-01-01T22:15:40.205Z,10.109.236.73,10.87.115.76,362,TCP

2023-01-01T22:15:58.042Z,10.102.178.47,10.57.45.97,625,TCP

2023-01-01T22:16:28.625Z,10.193.166.190,10.144.14.129,322,TCP

2023-01-01T22:17:04.477Z,10.17.115.186,10.170.253.166,902,TCP

2023-01-01T22:18:30.923Z,10.192.7.74,10.106.193.29,221,UDP

2023-01-01T22:18:53.450Z,10.53.4.114,10.106.193.29,1260,TCP

2023-01-01T22:19:29.295Z,10.60.55.99,10.80.121.143,1270,UDP

2023-01-01T22:21:00.476Z,10.179.197.215,10.186.85.34,1213,TCP

2023-01-01T22:21:35.612Z,10.15.144.222,10.213.223.235,889,UDP

2023-01-01T22:22:42.699Z,10.133.71.161,10.186.85.34,153,TCP

2023-01-01T22:23:11.425Z,10.50.157.37,10.170.253.166,516,UDP

2023-01-01T22:24:37.785Z,10.10.139.197,10.186.85.34,1147,TCP

2023-01-01T22:24:49.141Z,10.44.250.68,10.239.212.158,938,TCP

2023-01-01T22:26:24.948Z,10.160.193.123,10.20.53.129,1104,TCP

2023-01-01T22:27:38.564Z,10.141.13.190,10.106.193.29,750,TCP

2023-01-01T22:28:38.022Z,10.55.119.185,10.20.53.129,1411,TCP

2023-01-01T22:29:09.550Z,10.155.247.28,10.87.115.76,524,UDP

2023-01-01T22:30:43.867Z,10.53.80.203,10.116.75.236,993,UDP

2023-01-01T22:30:54.651Z,10.99.22.149,10.144.14.129,470,TCP

2023-01-01T22:31:16.816Z,10.242.220.68,10.129.236.79,1449,TCP

2023-01-01T22:32:42.610Z,10.103.4.239,10.143.95.241,765,UDP

2023-01-01T22:33:53.467Z,10.169.248.249,10.116.75.236,382,UDP

2023-01-01T22:34:40.779Z,10.54.202.93,10.129.236.79,1485,UDP

2023-01-01T22:34:59.660Z,10.87.23.77,10.20.53.129,345,UDP

2023-01-01T22:35:27.605Z,10.16.230.135,10.129.236.79,1184,TCP

2023-01-01T22:36:10.936Z,10.128.129.242,10.80.121.143,1259,UDP

2023-01-01T22:36:49.465Z,10.151.165.100,10.80.121.143,1480,UDP

2023-01-01T22:37:27.758Z,10.133.214.90,10.129.236.79,558,UDP

2023-01-01T22:37:51.955Z,10.247.40.238,10.57.45.97,435,UDP

2023-01-01T22:38:56.226Z,10.119.231.3,10.143.95.241,299,TCP

2023-01-01T22:40:34.977Z,10.67.158.163,10.176.179.79,1111,TCP

2023-01-01T22:41:10.746Z,10.54.202.93,10.106.193.29,1242,TCP

2023-01-01T22:42:44.743Z,10.243.177.91,10.239.212.158,431,TCP

2023-01-01T22:43:37.520Z,10.129.216.217,10.239.212.158,271,TCP

2023-01-01T22:44:17.699Z,10.16.230.135,10.57.45.97,617,UDP

2023-01-01T22:45:57.581Z,10.194.246.196,10.144.14.129,733,UDP

2023-01-01T22:47:19.689Z,10.128.98.182,10.129.236.79,1461,UDP

2023-01-01T22:48:14.467Z,10.163.126.176,10.80.121.143,944,TCP

